Nom d'établissement,Pays,Ville,Statut MLF,Comprendre un texte lu par l’enseignant(e),Comprendre des mots lu par l’enseignant(e),Comprendre des phrases lues par l’enseignant(e),Reconnaitre des lettres,Discriminer des sons,Lire des nombres,Résoudre des problèmes,Quantifier et dénombrer,Comparer des nombres,Reproduire un assemblage,Ecrire des nombres ,Placer un nombre sur une ligne numérique,Niveau scolaire,Comprendre un texte lu seul(e),Comprendre des phrases lues seul(e),Comprendre des mots et des phrases lus par l’enseignant(e),Écrire des syllabes,Lire,Reconnaitre des nombres,Calculer en ligne,Calculer mentalement,Ecrire des nombres,Reproduire des assemblages,Comprendre un texte lu par l'enseigant(e),Ecrire des mots dictés,Orthographe de base,Se reperer dans la phrase,"Nommer, lire, écrire, représenter des nombres",Calculer,Ordonner des nombres,Comprendre des textes à l'oral,Maîtriser l’orthographe grammaticale de base,Se repérer dans une phrase,Construire le lexique,Comprendre un texte lu seul(e) ,Écrire des mots (dictés),Lire et comprendre un texte,Comprendre le fonctionnement de la langue : Comprendre et mobiliser le lexique,Comprendre et s'exprimer à l'oral : comprendre un message oral,Comprendre le fonctionnement de la langue : Se repérer dans une phrase et identifier sa composition,Comprendre le fonctionnement de la langue : maîtriser l'orthographe,Automatismes : Mobiliser directement des procédures et des connaissances,"Résolution de problème : résoudre des problèmes en utilisant des nombres, des données et des grandeurs",Espaces et géométrie : connaître et utiliser des notions de géométrie,Grandeurs et mesures : Connaître des grandeurs et utiliser des mesures,Nombres et calcul : connaître les nombres et les utiliser dans les calculs,Connaître et utiliser des données et la notion de fonction,Calcul littéral : Utiliser des expressions littérales pour traduire ou résoudre des problèmes,Nombres et calcul : Connaître les nombres et les utiliser dans des calculs,Calcul littéral : Connaître et utiliser des données et la notion de fonction
Lycée français de Bahreïn,Bahreïn,Muharraq,EPR,59.50,53.50,81.00,90.00,81.00,98.50,74.00,97.50,93.50,73.50,96.00,91.00,CP,nan,nan,nan,nan,nan,nan,nan,nan,nan,nan,nan,nan,nan,nan,nan,nan,nan,nan,nan,nan,nan,nan,nan,nan,nan,nan,nan,nan,nan,nan,nan,nan,nan,nan,nan,nan,nan
Lycée français d'Alexandrie,Egypte,Alexandrie,EPR,60.50,45.10,79.70,66.40,76.10,98.90,75.50,93.40,57.90,66.40,99.50,81.90,CP,nan,nan,nan,nan,nan,nan,nan,nan,nan,nan,nan,nan,nan,nan,nan,nan,nan,nan,nan,nan,nan,nan,nan,nan,nan,nan,nan,nan,nan,nan,nan,nan,nan,nan,nan,nan,nan
Lycée français Pierre Deschamps,Espagne,Alicante,EPR,72.80,67.30,87.50,75.80,79.10,94.20,66.20,92.50,70.00,78.70,97.10,81.00,CP,nan,nan,nan,nan,nan,nan,nan,nan,nan,nan,nan,nan,nan,nan,nan,nan,nan,nan,nan,nan,nan,nan,nan,nan,nan,nan,nan,nan,nan,nan,nan,nan,nan,nan,nan,nan,nan
Lycée français René Verneau,Espagne,Las Palmas,EPR,47.00,38.20,68.20,59.70,59.20,90.90,68.20,98.90,52.30,70.50,90.90,86.40,CP,nan,nan,nan,nan,nan,nan,nan,nan,nan,nan,nan,nan,nan,nan,nan,nan,nan,nan,nan,nan,nan,nan,nan,nan,nan,nan,nan,nan,nan,nan,nan,nan,nan,nan,nan,nan,nan
Lycée français André Malraux,Espagne,Murcie,EPR,78.00,60.00,81.30,74.10,82.90,92.40,74.60,90.50,55.40,59.50,92.60,69.00,CP,nan,nan,nan,nan,nan,nan,nan,nan,nan,nan,nan,nan,nan,nan,nan,nan,nan,nan,nan,nan,nan,nan,nan,nan,nan,nan,nan,nan,nan,nan,nan,nan,nan,nan,nan,nan,nan
Lycée français de Palma De Majorque,Espagne,Palma de Majorque,EPR,71.60,58.10,77.00,72.50,74.80,88.20,68.90,95.50,69.00,72.70,93.40,70.50,CP,nan,nan,nan,nan,nan,nan,nan,nan,nan,nan,nan,nan,nan,nan,nan,nan,nan,nan,nan,nan,nan,nan,nan,nan,nan,nan,nan,nan,nan,nan,nan,nan,nan,nan,nan,nan,nan
Collège français international Marguerite Yourcenar,Espagne,Reus,EPR,70.30,67.20,84.10,94.50,75.10,97.70,84.60,97.10,67.50,74.00,97.20,96.20,CP,nan,nan,nan,nan,nan,nan,nan,nan,nan,nan,nan,nan,nan,nan,nan,nan,nan,nan,nan,nan,nan,nan,nan,nan,nan,nan,nan,nan,nan,nan,nan,nan,nan,nan,nan,nan,nan
Lycée Français International Jules-Verne ,Espagne,Santa Cruz de Tenerife,EPR,58.90,63.60,92.60,80.10,86.50,95.70,92.30,98.70,94.60,79.00,98.40,91.10,CP,nan,nan,nan,nan,nan,nan,nan,nan,nan,nan,nan,nan,nan,nan,nan,nan,nan,nan,nan,nan,nan,nan,nan,nan,nan,nan,nan,nan,nan,nan,nan,nan,nan,nan,nan,nan,nan
Lycée Molière - Saragosse,Espagne,Saragosse,EPR,73.50,64.40,87.60,83.80,80.90,95.80,74.90,96.40,61.20,75.80,84.20,83.20,CP,nan,nan,nan,nan,nan,nan,nan,nan,nan,nan,nan,nan,nan,nan,nan,nan,nan,nan,nan,nan,nan,nan,nan,nan,nan,nan,nan,nan,nan,nan,nan,nan,nan,nan,nan,nan,nan
Lycée français de Castilla y León,Espagne,Valladolid,EPR,42.00,55.80,79.00,75.90,80.50,99.40,71.90,94.50,51.70,81.30,94.90,70.80,CP,nan,nan,nan,nan,nan,nan,nan,nan,nan,nan,nan,nan,nan,nan,nan,nan,nan,nan,nan,nan,nan,nan,nan,nan,nan,nan,nan,nan,nan,nan,nan,nan,nan,nan,nan,nan,nan
Lycée Molière - Villanueva de la Cañada,Espagne,Villanueva de la Cañada,EPR,78.70,67.00,88.70,72.00,81.90,100.00,86.70,93.80,55.00,68.20,99.30,84.70,CP,nan,nan,nan,nan,nan,nan,nan,nan,nan,nan,nan,nan,nan,nan,nan,nan,nan,nan,nan,nan,nan,nan,nan,nan,nan,nan,nan,nan,nan,nan,nan,nan,nan,nan,nan,nan,nan
Lycée franco-éthiopien Guébré Mariam,Ethiopie,Addis-Abeba,EPR,53.30,57.40,76.30,75.30,63.50,93.90,65.10,87.00,54.70,74.10,94.60,81.70,CP,nan,nan,nan,nan,nan,nan,nan,nan,nan,nan,nan,nan,nan,nan,nan,nan,nan,nan,nan,nan,nan,nan,nan,nan,nan,nan,nan,nan,nan,nan,nan,nan,nan,nan,nan,nan,nan
École française de Thessalonique,Grèce,Thessalonique,EPR,76.90,77.80,95.20,100.00,87.90,100.00,94.40,100.00,70.00,79.20,100.00,100.00,CP,nan,nan,nan,nan,nan,nan,nan,nan,nan,nan,nan,nan,nan,nan,nan,nan,nan,nan,nan,nan,nan,nan,nan,nan,nan,nan,nan,nan,nan,nan,nan,nan,nan,nan,nan,nan,nan
Lycée français Victor Hugo,Italie,Florence,EPR,72.60,60.90,77.40,78.00,77.70,98.40,63.50,90.90,76.60,81.70,99.30,78.10,CP,nan,nan,nan,nan,nan,nan,nan,nan,nan,nan,nan,nan,nan,nan,nan,nan,nan,nan,nan,nan,nan,nan,nan,nan,nan,nan,nan,nan,nan,nan,nan,nan,nan,nan,nan,nan,nan
École MLF TotalEnergies ,Royaume-Uni,Aberdeen,EE,95.80,56.70,89.30,78.60,84.50,100.00,100.00,100.00,96.30,93.80,100.00,100.00,CP,nan,nan,nan,nan,nan,nan,nan,nan,nan,nan,nan,nan,nan,nan,nan,nan,nan,nan,nan,nan,nan,nan,nan,nan,nan,nan,nan,nan,nan,nan,nan,nan,nan,nan,nan,nan,nan
École MLF Bouygues Bâtiment International,Turkménistan,Ashgabat,EE,91.70,76.70,89.30,100.00,98.60,100.00,91.70,100.00,83.80,87.50,100.00,100.00,CP,nan,nan,nan,nan,nan,nan,nan,nan,nan,nan,nan,nan,nan,nan,nan,nan,nan,nan,nan,nan,nan,nan,nan,nan,nan,nan,nan,nan,nan,nan,nan,nan,nan,nan,nan,nan,nan
Lycée français d'Al-Khobar,Arabie saoudite,Al-Khobar,EPA,59.30,55.50,75.30,81.60,65.10,96.60,59.90,94.00,62.60,70.00,93.20,83.90,CP,nan,nan,nan,nan,nan,nan,nan,nan,nan,nan,nan,nan,nan,nan,nan,nan,nan,nan,nan,nan,nan,nan,nan,nan,nan,nan,nan,nan,nan,nan,nan,nan,nan,nan,nan,nan,nan
TFS - École internationale du Canada,Canada (hors Québec),Toronto,EPA,81.40,82.20,91.00,89.60,88.50,99.00,92.60,97.20,89.90,81.40,97.80,95.70,CP,nan,nan,nan,nan,nan,nan,nan,nan,nan,nan,nan,nan,nan,nan,nan,nan,nan,nan,nan,nan,nan,nan,nan,nan,nan,nan,nan,nan,nan,nan,nan,nan,nan,nan,nan,nan,nan
Lycée international Xavier,Corée du Sud,Séoul,EPA,53.00,43.60,72.10,62.30,59.30,97.30,65.20,81.80,56.80,58.00,87.60,77.30,CP,nan,nan,nan,nan,nan,nan,nan,nan,nan,nan,nan,nan,nan,nan,nan,nan,nan,nan,nan,nan,nan,nan,nan,nan,nan,nan,nan,nan,nan,nan,nan,nan,nan,nan,nan,nan,nan
Lycée international Honoré de Balzac,Egypte,Le Caire,EPA,46.50,38.00,66.20,66.70,58.90,88.50,56.10,84.40,54.40,58.60,89.40,68.30,CP,nan,nan,nan,nan,nan,nan,nan,nan,nan,nan,nan,nan,nan,nan,nan,nan,nan,nan,nan,nan,nan,nan,nan,nan,nan,nan,nan,nan,nan,nan,nan,nan,nan,nan,nan,nan,nan
ISE Molière,Egypte,Alexandrie,EPA,100.00,96.10,98.20,96.40,94.90,100.00,86.10,100.00,99.20,79.20,100.00,95.80,CP,nan,nan,nan,nan,nan,nan,nan,nan,nan,nan,nan,nan,nan,nan,nan,nan,nan,nan,nan,nan,nan,nan,nan,nan,nan,nan,nan,nan,nan,nan,nan,nan,nan,nan,nan,nan,nan
Lycée français Théodore Monod,Emirats arabes unis,Abu Dhabi,EPA,69.90,63.10,82.50,81.60,79.30,98.00,74.60,96.10,84.40,76.40,97.50,86.60,CP,nan,nan,nan,nan,nan,nan,nan,nan,nan,nan,nan,nan,nan,nan,nan,nan,nan,nan,nan,nan,nan,nan,nan,nan,nan,nan,nan,nan,nan,nan,nan,nan,nan,nan,nan,nan,nan
Lycée français international de l'AFLEC,Emirats arabes unis,Dubaï,EPA,71.30,63.60,84.60,87.60,79.50,96.60,75.00,93.60,82.00,69.30,96.80,83.30,CP,nan,nan,nan,nan,nan,nan,nan,nan,nan,nan,nan,nan,nan,nan,nan,nan,nan,nan,nan,nan,nan,nan,nan,nan,nan,nan,nan,nan,nan,nan,nan,nan,nan,nan,nan,nan,nan
Lycée international de Boston,Etats-Unis,Boston,EPA,74.50,65.50,87.80,86.40,81.60,99.30,91.40,95.30,66.00,77.90,99.80,94.00,CP,nan,nan,nan,nan,nan,nan,nan,nan,nan,nan,nan,nan,nan,nan,nan,nan,nan,nan,nan,nan,nan,nan,nan,nan,nan,nan,nan,nan,nan,nan,nan,nan,nan,nan,nan,nan,nan
Section française de l'Awty International School,Etats-Unis,Houston,EPA,73.50,65.10,85.60,87.70,82.60,98.20,81.40,97.30,83.60,83.80,99.80,97.70,CP,nan,nan,nan,nan,nan,nan,nan,nan,nan,nan,nan,nan,nan,nan,nan,nan,nan,nan,nan,nan,nan,nan,nan,nan,nan,nan,nan,nan,nan,nan,nan,nan,nan,nan,nan,nan,nan
Lycée international de Los Angeles,Etats-Unis,Los Angeles,EPA,68.70,55.20,84.20,85.40,84.00,98.10,80.70,98.30,65.50,81.80,90.90,90.60,CP,nan,nan,nan,nan,nan,nan,nan,nan,nan,nan,nan,nan,nan,nan,nan,nan,nan,nan,nan,nan,nan,nan,nan,nan,nan,nan,nan,nan,nan,nan,nan,nan,nan,nan,nan,nan,nan
École Bilingue de la Nouvelle-Orléans,Etats-Unis,Nouvelle-Orléans,EPA,70.10,48.60,75.40,93.30,86.10,98.60,79.80,96.80,79.30,75.40,99.60,91.90,CP,nan,nan,nan,nan,nan,nan,nan,nan,nan,nan,nan,nan,nan,nan,nan,nan,nan,nan,nan,nan,nan,nan,nan,nan,nan,nan,nan,nan,nan,nan,nan,nan,nan,nan,nan,nan,nan
École internationale de la Péninsule,Etats-Unis,Palo Alto,EPA,74.50,60.60,87.30,86.80,89.60,96.80,80.10,98.60,84.90,77.90,99.30,96.60,CP,nan,nan,nan,nan,nan,nan,nan,nan,nan,nan,nan,nan,nan,nan,nan,nan,nan,nan,nan,nan,nan,nan,nan,nan,nan,nan,nan,nan,nan,nan,nan,nan,nan,nan,nan,nan,nan
École franco-américaine de Rhode Island,Etats-Unis,Providence,EPA,65.50,50.40,75.90,80.50,82.40,97.50,79.60,93.10,99.30,70.50,99.40,89.60,CP,nan,nan,nan,nan,nan,nan,nan,nan,nan,nan,nan,nan,nan,nan,nan,nan,nan,nan,nan,nan,nan,nan,nan,nan,nan,nan,nan,nan,nan,nan,nan,nan,nan,nan,nan,nan,nan
The French American School of Tampa Bay,Etats-Unis,St Petersburg. Florida,EPA,68.40,52.80,81.30,72.50,72.90,90.80,80.80,91.30,78.10,73.10,99.30,92.30,CP,nan,nan,nan,nan,nan,nan,nan,nan,nan,nan,nan,nan,nan,nan,nan,nan,nan,nan,nan,nan,nan,nan,nan,nan,nan,nan,nan,nan,nan,nan,nan,nan,nan,nan,nan,nan,nan
École franco-américaine de la Silicon Valley,Etats-Unis,Sunnyvale,EPA,78.60,70.00,92.30,96.40,84.50,99.20,82.60,96.90,76.10,87.00,96.60,88.20,CP,nan,nan,nan,nan,nan,nan,nan,nan,nan,nan,nan,nan,nan,nan,nan,nan,nan,nan,nan,nan,nan,nan,nan,nan,nan,nan,nan,nan,nan,nan,nan,nan,nan,nan,nan,nan,nan
Rochambeau - The French International School,Etats-Unis,Washington-Bethesda,EPA,76.40,65.40,88.90,84.20,82.30,96.30,73.90,98.70,71.10,72.20,96.70,91.00,CP,nan,nan,nan,nan,nan,nan,nan,nan,nan,nan,nan,nan,nan,nan,nan,nan,nan,nan,nan,nan,nan,nan,nan,nan,nan,nan,nan,nan,nan,nan,nan,nan,nan,nan,nan,nan,nan
Ecole française internationale Charles de Gaulle-Miras,Kazakhstan,Astana,EPA,63.90,51.10,92.90,57.10,74.20,100.00,55.60,100.00,99.20,95.80,100.00,100.00,CP,nan,nan,nan,nan,nan,nan,nan,nan,nan,nan,nan,nan,nan,nan,nan,nan,nan,nan,nan,nan,nan,nan,nan,nan,nan,nan,nan,nan,nan,nan,nan,nan,nan,nan,nan,nan,nan
Lycée Montaigne,Liban,Beit Chabab,EPA,81.60,75.50,86.80,78.30,85.20,96.60,81.30,96.70,91.20,58.50,96.10,91.00,CP,nan,nan,nan,nan,nan,nan,nan,nan,nan,nan,nan,nan,nan,nan,nan,nan,nan,nan,nan,nan,nan,nan,nan,nan,nan,nan,nan,nan,nan,nan,nan,nan,nan,nan,nan,nan,nan
Etablissement scolaire français Blaise Pascal,RDC,Lubumbashi,EPA,64.80,71.40,86.10,74.40,67.00,96.60,48.90,94.20,52.00,63.80,96.30,59.80,CP,nan,nan,nan,nan,nan,nan,nan,nan,nan,nan,nan,nan,nan,nan,nan,nan,nan,nan,nan,nan,nan,nan,nan,nan,nan,nan,nan,nan,nan,nan,nan,nan,nan,nan,nan,nan,nan
Lycée français d'Agadir,Maroc,Agadir,EPR,69.00,66.00,82.00,75.50,71.50,91.00,66.00,90.00,94.00,70.00,81.00,66.00,CP,nan,nan,nan,nan,nan,nan,nan,nan,nan,nan,nan,nan,nan,nan,nan,nan,nan,nan,nan,nan,nan,nan,nan,nan,nan,nan,nan,nan,nan,nan,nan,nan,nan,nan,nan,nan,nan
Groupe scolaire OSUI Louis Massignon,Maroc,Bouskoura,EPR,72.75,77.75,87.75,82.50,75.13,96.75,77.00,92.75,95.00,62.50,84.50,68.75,CP,nan,nan,nan,nan,nan,nan,nan,nan,nan,nan,nan,nan,nan,nan,nan,nan,nan,nan,nan,nan,nan,nan,nan,nan,nan,nan,nan,nan,nan,nan,nan,nan,nan,nan,nan,nan,nan
Lycée français international Alphonse Daudet,Maroc,Casablanca,EPR,66.00,64.00,80.00,74.50,69.50,96.00,70.00,93.00,92.00,46.00,83.00,67.00,CP,nan,nan,nan,nan,nan,nan,nan,nan,nan,nan,nan,nan,nan,nan,nan,nan,nan,nan,nan,nan,nan,nan,nan,nan,nan,nan,nan,nan,nan,nan,nan,nan,nan,nan,nan,nan,nan
Ecole OSUI Odette du Puigaudeau,Maroc,Dakhla,EPR,49.00,49.00,82.00,76.00,75.50,96.00,63.00,84.00,97.00,48.00,87.00,67.00,CP,nan,nan,nan,nan,nan,nan,nan,nan,nan,nan,nan,nan,nan,nan,nan,nan,nan,nan,nan,nan,nan,nan,nan,nan,nan,nan,nan,nan,nan,nan,nan,nan,nan,nan,nan,nan,nan
Lycée OSUI Jean Charcot,Maroc,El Jadida,EPR,82.00,78.00,89.00,85.00,72.00,99.00,75.00,93.00,96.00,70.00,74.00,77.00,CP,nan,nan,nan,nan,nan,nan,nan,nan,nan,nan,nan,nan,nan,nan,nan,nan,nan,nan,nan,nan,nan,nan,nan,nan,nan,nan,nan,nan,nan,nan,nan,nan,nan,nan,nan,nan,nan
Groupe scolaire OSUI Eric Tabarly,Maroc,Essaouira,EPR,63.00,71.00,79.00,73.00,55.50,100.00,61.00,90.00,100.00,61.00,94.00,73.00,CP,nan,nan,nan,nan,nan,nan,nan,nan,nan,nan,nan,nan,nan,nan,nan,nan,nan,nan,nan,nan,nan,nan,nan,nan,nan,nan,nan,nan,nan,nan,nan,nan,nan,nan,nan,nan,nan
Ecole OSUI Paul Pascon,Maroc,Laayoune,EPR,58.00,45.00,71.00,83.50,62.50,100.00,49.00,90.00,93.00,61.00,80.00,58.00,CP,nan,nan,nan,nan,nan,nan,nan,nan,nan,nan,nan,nan,nan,nan,nan,nan,nan,nan,nan,nan,nan,nan,nan,nan,nan,nan,nan,nan,nan,nan,nan,nan,nan,nan,nan,nan,nan
Groupe scolaire OSUI Jacques Majorelle,Maroc,Marrakech,EPR,67.00,65.50,77.00,79.50,66.75,99.50,62.50,94.50,98.00,55.00,79.50,68.50,CP,nan,nan,nan,nan,nan,nan,nan,nan,nan,nan,nan,nan,nan,nan,nan,nan,nan,nan,nan,nan,nan,nan,nan,nan,nan,nan,nan,nan,nan,nan,nan,nan,nan,nan,nan,nan,nan
Lycée OSUI André Malraux,Maroc,Rabat,EPR,74.00,74.00,87.00,79.00,72.00,97.00,78.00,95.00,97.00,53.00,81.00,63.00,CP,nan,nan,nan,nan,nan,nan,nan,nan,nan,nan,nan,nan,nan,nan,nan,nan,nan,nan,nan,nan,nan,nan,nan,nan,nan,nan,nan,nan,nan,nan,nan,nan,nan,nan,nan,nan,nan
Groupe scolaire OSUI Le Détroit,Maroc,Tanger,EPR,72.00,66.00,80.00,85.00,58.50,98.00,74.00,97.00,97.00,71.00,89.00,67.00,CP,nan,nan,nan,nan,nan,nan,nan,nan,nan,nan,nan,nan,nan,nan,nan,nan,nan,nan,nan,nan,nan,nan,nan,nan,nan,nan,nan,nan,nan,nan,nan,nan,nan,nan,nan,nan,nan
Groupe Scolaire SandrinéO,Maroc,Oujda,EPA,85.00,88.00,87.00,88.00,86.00,99.00,83.00,93.00,98.00,53.00,88.00,77.00,CP,nan,nan,nan,nan,nan,nan,nan,nan,nan,nan,nan,nan,nan,nan,nan,nan,nan,nan,nan,nan,nan,nan,nan,nan,nan,nan,nan,nan,nan,nan,nan,nan,nan,nan,nan,nan,nan
EFIW / Ecole Mlf,Chine,Wuhan,EE,68.00,73.00,73.00,78.50,73.00,85.00,75.00,91.00,63.00,94.00,86.00,92.00,CP,nan,nan,nan,nan,nan,nan,nan,nan,nan,nan,nan,nan,nan,nan,nan,nan,nan,nan,nan,nan,nan,nan,nan,nan,nan,nan,nan,nan,nan,nan,nan,nan,nan,nan,nan,nan,nan
Ecole MLF-BOUYGUES,Cuba,Ramon de Antilla,EE,100.00,98.00,100.00,100.00,100.00,100.00,99.00,100.00,100.00,99.00,100.00,100.00,CP,nan,nan,nan,nan,nan,nan,nan,nan,nan,nan,nan,nan,nan,nan,nan,nan,nan,nan,nan,nan,nan,nan,nan,nan,nan,nan,nan,nan,nan,nan,nan,nan,nan,nan,nan,nan,nan
École publique conventionnée de Franceville,Gabon,Gabon,EPA,49.00,70.00,55.00,57.00,44.00,100.00,83.00,91.00,94.00,81.00,73.00,100.00,CP,nan,nan,nan,nan,nan,nan,nan,nan,nan,nan,nan,nan,nan,nan,nan,nan,nan,nan,nan,nan,nan,nan,nan,nan,nan,nan,nan,nan,nan,nan,nan,nan,nan,nan,nan,nan,nan
École publique conventionnée Gros Bouquet I,Gabon,Libreville,EPA,71.00,87.50,81.50,89.50,76.50,93.00,73.50,94.50,57.50,66.00,97.00,84.00,CP,nan,nan,nan,nan,nan,nan,nan,nan,nan,nan,nan,nan,nan,nan,nan,nan,nan,nan,nan,nan,nan,nan,nan,nan,nan,nan,nan,nan,nan,nan,nan,nan,nan,nan,nan,nan,nan
Comilog / Ecole de Moanda,Gabon,Moanda,EE,63.00,59.00,75.00,62.00,55.00,94.00,42.00,87.00,57.00,51.00,84.00,59.00,CP,nan,nan,nan,nan,nan,nan,nan,nan,nan,nan,nan,nan,nan,nan,nan,nan,nan,nan,nan,nan,nan,nan,nan,nan,nan,nan,nan,nan,nan,nan,nan,nan,nan,nan,nan,nan,nan
École publique conventionnée des Charbonnages,Gabon,Libreville,EPA,78.00,85.00,81.00,80.50,69.50,95.00,86.00,59.00,69.00,66.00,87.00,70.00,CP,nan,nan,nan,nan,nan,nan,nan,nan,nan,nan,nan,nan,nan,nan,nan,nan,nan,nan,nan,nan,nan,nan,nan,nan,nan,nan,nan,nan,nan,nan,nan,nan,nan,nan,nan,nan,nan
École publique conventionnée d'Owendo,Gabon,Libreville,EPA,70.50,72.00,78.00,71.25,62.25,94.50,64.00,73.00,63.00,58.50,85.50,64.50,CP,nan,nan,nan,nan,nan,nan,nan,nan,nan,nan,nan,nan,nan,nan,nan,nan,nan,nan,nan,nan,nan,nan,nan,nan,nan,nan,nan,nan,nan,nan,nan,nan,nan,nan,nan,nan,nan
Ecole Publique Conventionnée de Port-Gentil,Gabon,Port Gentil,EPA,73.00,89.00,75.00,82.00,65.50,99.00,95.00,65.00,69.00,74.00,97.00,78.00,CP,nan,nan,nan,nan,nan,nan,nan,nan,nan,nan,nan,nan,nan,nan,nan,nan,nan,nan,nan,nan,nan,nan,nan,nan,nan,nan,nan,nan,nan,nan,nan,nan,nan,nan,nan,nan,nan
École publique conventionnée Gros Bouquet II,Gabon,Libreville,EPA,82.00,87.00,83.00,88.00,84.50,87.00,84.00,78.00,89.00,63.00,89.00,81.00,CP,nan,nan,nan,nan,nan,nan,nan,nan,nan,nan,nan,nan,nan,nan,nan,nan,nan,nan,nan,nan,nan,nan,nan,nan,nan,nan,nan,nan,nan,nan,nan,nan,nan,nan,nan,nan,nan
Lycée International Jean-Mermoz,Côte d'Ivoire,Abidjan,EPR,71.20,71.20,86.80,73.60,69.80,97.00,66.80,93.40,65.20,67.60,97.20,80.20,CP,nan,nan,nan,nan,nan,nan,nan,nan,nan,nan,nan,nan,nan,nan,nan,nan,nan,nan,nan,nan,nan,nan,nan,nan,nan,nan,nan,nan,nan,nan,nan,nan,nan,nan,nan,nan,nan
Groupe Scolaire Grain de Soleil,Côte d'Ivoire,Abidjan,EPA,69.00,64.50,78.50,74.75,64.75,95.00,65.00,84.50,59.00,62.00,96.50,67.00,CP,nan,nan,nan,nan,nan,nan,nan,nan,nan,nan,nan,nan,nan,nan,nan,nan,nan,nan,nan,nan,nan,nan,nan,nan,nan,nan,nan,nan,nan,nan,nan,nan,nan,nan,nan,nan,nan
APEH / Petite Ecole d'Hydra,Algérie,Alger,EE,90.30,92.80,75.40,72.50,63.60,35.80,91.70,88.50,81.10,91.10,96.30,80.60,CP,nan,nan,nan,nan,nan,nan,nan,nan,nan,nan,nan,nan,nan,nan,nan,nan,nan,nan,nan,nan,nan,nan,nan,nan,nan,nan,nan,nan,nan,nan,nan,nan,nan,nan,nan,nan,nan
Lycée français de Bahreïn,Bahreïn,Muharraq,EPR,nan,nan,nan,nan,nan,nan,67.00,nan,nan,nan,nan,74.00,CE1,61.00,81.50,81.50,69.50,79.75,81.50,79.50,77.50,77.50,78.00,nan,nan,nan,nan,nan,nan,nan,nan,nan,nan,nan,nan,nan,nan,nan,nan,nan,nan,nan,nan,nan,nan,nan,nan,nan,nan,nan
Lycée français d'Alexandrie,Egypte,Alexandrie,EPR,nan,nan,nan,nan,nan,nan,69.30,nan,nan,nan,nan,61.70,CE1,48.90,59.30,69.00,72.40,51.05,84.30,70.00,85.40,85.20,72.30,nan,nan,nan,nan,nan,nan,nan,nan,nan,nan,nan,nan,nan,nan,nan,nan,nan,nan,nan,nan,nan,nan,nan,nan,nan,nan,nan
Lycée français Pierre Deschamps,Espagne,Alicante,EPR,nan,nan,nan,nan,nan,nan,74.40,nan,nan,nan,nan,74.40,CE1,63.40,72.20,80.50,77.40,82.45,77.60,66.20,84.10,81.50,76.60,nan,nan,nan,nan,nan,nan,nan,nan,nan,nan,nan,nan,nan,nan,nan,nan,nan,nan,nan,nan,nan,nan,nan,nan,nan,nan,nan
Lycée français René Verneau,Espagne,Las Palmas,EPR,nan,nan,nan,nan,nan,nan,64.60,nan,nan,nan,nan,64.20,CE1,49.20,58.80,80.00,62.00,44.45,72.50,51.30,73.80,68.80,80.50,nan,nan,nan,nan,nan,nan,nan,nan,nan,nan,nan,nan,nan,nan,nan,nan,nan,nan,nan,nan,nan,nan,nan,nan,nan,nan,nan
Lycée français André Malraux,Espagne,Murcie,EPR,nan,nan,nan,nan,nan,nan,81.60,nan,nan,nan,nan,82.80,CE1,62.10,75.50,79.10,87.40,67.95,87.90,85.10,94.10,93.40,71.10,nan,nan,nan,nan,nan,nan,nan,nan,nan,nan,nan,nan,nan,nan,nan,nan,nan,nan,nan,nan,nan,nan,nan,nan,nan,nan,nan
Lycée français de Palma De Majorque,Espagne,Palma de Majorque,EPR,nan,nan,nan,nan,nan,nan,77.50,nan,nan,nan,nan,73.70,CE1,63.10,69.90,74.50,65.60,67.60,76.40,70.00,90.80,76.10,74.20,nan,nan,nan,nan,nan,nan,nan,nan,nan,nan,nan,nan,nan,nan,nan,nan,nan,nan,nan,nan,nan,nan,nan,nan,nan,nan,nan
Collège français international Marguerite Yourcenar,Espagne,Reus,EPR,nan,nan,nan,nan,nan,nan,95.00,nan,nan,nan,nan,89.30,CE1,74.40,75.50,81.20,75.20,80.40,81.50,86.00,96.50,87.50,83.80,nan,nan,nan,nan,nan,nan,nan,nan,nan,nan,nan,nan,nan,nan,nan,nan,nan,nan,nan,nan,nan,nan,nan,nan,nan,nan,nan
Lycée Français International Jules-Verne ,Espagne,Santa Cruz de Tenerife,EPR,nan,nan,nan,nan,nan,nan,71.00,nan,nan,nan,nan,69.00,CE1,51.70,71.70,75.40,60.10,70.30,67.10,66.70,86.10,68.40,74.20,nan,nan,nan,nan,nan,nan,nan,nan,nan,nan,nan,nan,nan,nan,nan,nan,nan,nan,nan,nan,nan,nan,nan,nan,nan,nan,nan
Lycée Molière - Saragosse,Espagne,Saragosse,EPR,nan,nan,nan,nan,nan,nan,86.60,nan,nan,nan,nan,79.70,CE1,83.20,80.30,83.00,80.60,61.65,73.60,81.10,70.00,83.80,nan,nan,nan,nan,nan,nan,nan,nan,nan,nan,nan,nan,nan,nan,nan,nan,nan,nan,nan,nan,nan,nan,nan,nan,nan,nan,nan,nan
Lycée français de Castilla y León,Espagne,Valladolid,EPR,nan,nan,nan,nan,nan,nan,84.80,nan,nan,nan,nan,94.50,CE1,91.50,91.40,88.60,86.20,65.25,94.10,90.00,96.40,94.50,86.90,nan,nan,nan,nan,nan,nan,nan,nan,nan,nan,nan,nan,nan,nan,nan,nan,nan,nan,nan,nan,nan,nan,nan,nan,nan,nan,nan
Lycée Molière - Villanueva de la Cañada,Espagne,Villanueva de la Cañada,EPR,nan,nan,nan,nan,nan,nan,85.60,nan,nan,nan,nan,66.90,CE1,67.90,59.70,77.70,70.70,58.60,82.60,70.30,90.30,82.90,79.80,nan,nan,nan,nan,nan,nan,nan,nan,nan,nan,nan,nan,nan,nan,nan,nan,nan,nan,nan,nan,nan,nan,nan,nan,nan,nan,nan
Lycée franco-éthiopien Guébré Mariam,Ethiopie,Addis-Abeba,EPR,nan,nan,nan,nan,nan,nan,64.00,nan,nan,nan,nan,60.80,CE1,44.60,68.40,75.90,66.20,61.70,79.00,70.10,91.30,69.50,73.90,nan,nan,nan,nan,nan,nan,nan,nan,nan,nan,nan,nan,nan,nan,nan,nan,nan,nan,nan,nan,nan,nan,nan,nan,nan,nan,nan
École française de Thessalonique,Grèce,Thessalonique,EPR,nan,nan,nan,nan,nan,nan,83.30,nan,nan,nan,nan,93.30,CE1,78.10,77.50,81.70,92.70,69.40,80.00,81.70,97.50,77.50,81.30,nan,nan,nan,nan,nan,nan,nan,nan,nan,nan,nan,nan,nan,nan,nan,nan,nan,nan,nan,nan,nan,nan,nan,nan,nan,nan,nan
Lycée français Victor Hugo,Italie,Florence,EPR,nan,nan,nan,nan,nan,nan,65.00,nan,nan,nan,nan,54.40,CE1,62.30,62.90,80.50,64.90,68.75,67.00,65.40,74.40,68.60,81.00,nan,nan,nan,nan,nan,nan,nan,nan,nan,nan,nan,nan,nan,nan,nan,nan,nan,nan,nan,nan,nan,nan,nan,nan,nan,nan,nan
Areva / Ecole Mlf,Finlande,Rauma,EE,nan,nan,nan,nan,nan,nan,100.00,nan,nan,nan,nan,86.50,CE1,87.50,100.00,100.00,95.80,94.50,86.70,100.00,100.00,62.50,nan,nan,nan,nan,nan,nan,nan,nan,nan,nan,nan,nan,nan,nan,nan,nan,nan,nan,nan,nan,nan,nan,nan,nan,nan,nan,nan,nan
École MLF TotalEnergies ,Royaume-Uni,Aberdeen,EE,nan,nan,nan,nan,nan,nan,95.80,nan,nan,nan,nan,95.00,CE1,90.60,95.00,95.80,100.00,110.00,100.00,93.30,97.50,97.50,90.60,nan,nan,nan,nan,nan,nan,nan,nan,nan,nan,nan,nan,nan,nan,nan,nan,nan,nan,nan,nan,nan,nan,nan,nan,nan,nan,nan
École MLF Bouygues Bâtiment International,Turkménistan,Ashgabat,EE,nan,nan,nan,nan,nan,nan,33.30,nan,nan,nan,nan,93.30,CE1,62.50,80.00,76.70,58.30,59.75,50.00,86.70,70.00,60.00,100.00,nan,nan,nan,nan,nan,nan,nan,nan,nan,nan,nan,nan,nan,nan,nan,nan,nan,nan,nan,nan,nan,nan,nan,nan,nan,nan,nan
Lycée français d'Al-Khobar,Arabie saoudite,Al-Khobar,EPA,nan,nan,nan,nan,nan,nan,75.10,nan,nan,nan,nan,73.10,CE1,75.50,78.90,87.10,86.90,82.90,92.50,84.30,96.50,89.00,88.30,nan,nan,nan,nan,nan,nan,nan,nan,nan,nan,nan,nan,nan,nan,nan,nan,nan,nan,nan,nan,nan,nan,nan,nan,nan,nan,nan
TFS - École internationale du Canada,Canada,Toronto,EPA,nan,nan,nan,nan,nan,nan,84.00,nan,nan,nan,nan,83.70,CE1,58.40,76.70,81.60,73.50,73.70,84.70,82.10,94.10,85.70,85.20,nan,nan,nan,nan,nan,nan,nan,nan,nan,nan,nan,nan,nan,nan,nan,nan,nan,nan,nan,nan,nan,nan,nan,nan,nan,nan,nan
Lycée international Xavier,Corée du Sud,Séoul,EPA,nan,nan,nan,nan,nan,nan,92.20,nan,nan,nan,nan,92.90,CE1,75.70,77.60,75.70,89.50,96.80,94.10,89.00,95.30,95.30,94.90,nan,nan,nan,nan,nan,nan,nan,nan,nan,nan,nan,nan,nan,nan,nan,nan,nan,nan,nan,nan,nan,nan,nan,nan,nan,nan,nan
Lycée international Honoré de Balzac,Egypte,Le Caire,EPA,nan,nan,nan,nan,nan,nan,55.80,nan,nan,nan,nan,61.70,CE1,39.60,64.40,63.30,69.50,60.70,78.90,66.50,83.30,74.30,75.10,nan,nan,nan,nan,nan,nan,nan,nan,nan,nan,nan,nan,nan,nan,nan,nan,nan,nan,nan,nan,nan,nan,nan,nan,nan,nan,nan
ISE Molière,Egypte,Alexandrie,EPA,nan,nan,nan,nan,nan,nan,81.30,nan,nan,nan,nan,59.20,CE1,26.60,66.30,54.20,66.70,65.20,81.30,73.30,82.50,81.30,62.50,nan,nan,nan,nan,nan,nan,nan,nan,nan,nan,nan,nan,nan,nan,nan,nan,nan,nan,nan,nan,nan,nan,nan,nan,nan,nan,nan
Lycée français Théodore Monod,Emirats arabes unis,Abu Dhabi,EPA,nan,nan,nan,nan,nan,nan,71.70,nan,nan,nan,nan,65.80,CE1,65.30,77.10,78.60,84.00,90.00,81.70,76.30,87.00,82.80,79.30,nan,nan,nan,nan,nan,nan,nan,nan,nan,nan,nan,nan,nan,nan,nan,nan,nan,nan,nan,nan,nan,nan,nan,nan,nan,nan,nan
Lycée français international de l'AFLEC,Emirats arabes unis,Dubaï,EPA,nan,nan,nan,nan,nan,nan,72.90,nan,nan,nan,nan,72.80,CE1,63.00,72.00,80.50,82.00,74.50,82.60,76.90,90.90,83.60,77.30,nan,nan,nan,nan,nan,nan,nan,nan,nan,nan,nan,nan,nan,nan,nan,nan,nan,nan,nan,nan,nan,nan,nan,nan,nan,nan,nan
Lycée international de Boston,Etats-Unis,Boston,EPA,nan,nan,nan,nan,nan,nan,83.20,nan,nan,nan,nan,74.40,CE1,74.40,84.00,86.70,74.80,78.55,83.50,80.20,93.00,88.60,79.60,nan,nan,nan,nan,nan,nan,nan,nan,nan,nan,nan,nan,nan,nan,nan,nan,nan,nan,nan,nan,nan,nan,nan,nan,nan,nan,nan
Section française de l'Awty International School,Etats-Unis,Houston,EPA,nan,nan,nan,nan,nan,nan,88.90,nan,nan,nan,nan,87.40,CE1,76.60,85.20,83.90,85.70,84.90,93.30,86.00,92.90,92.30,88.00,nan,nan,nan,nan,nan,nan,nan,nan,nan,nan,nan,nan,nan,nan,nan,nan,nan,nan,nan,nan,nan,nan,nan,nan,nan,nan,nan
Lycée international de Los Angeles,Etats-Unis,Los Angeles,EPA,nan,nan,nan,nan,nan,nan,80.90,nan,nan,nan,nan,78.80,CE1,68.70,78.30,75.90,73.10,68.95,79.10,77.10,84.40,80.10,84.20,nan,nan,nan,nan,nan,nan,nan,nan,nan,nan,nan,nan,nan,nan,nan,nan,nan,nan,nan,nan,nan,nan,nan,nan,nan,nan,nan
École Bilingue de la Nouvelle-Orléans,Etats-Unis,Nouvelle-Orléans,EPA,nan,nan,nan,nan,nan,nan,76.26,nan,nan,nan,nan,78.18,CE1,52.20,72.40,74.40,76.10,74.35,83.48,80.98,88.95,84.21,83.75,nan,nan,nan,nan,nan,nan,nan,nan,nan,nan,nan,nan,nan,nan,nan,nan,nan,nan,nan,nan,nan,nan,nan,nan,nan,nan,nan
École internationale de la Péninsule,Etats-Unis,Palo Alto,EPA,nan,nan,nan,nan,nan,nan,90.00,nan,nan,nan,nan,83.40,CE1,72.90,82.00,85.60,84.20,79.10,89.40,86.20,95.00,87.70,87.10,nan,nan,nan,nan,nan,nan,nan,nan,nan,nan,nan,nan,nan,nan,nan,nan,nan,nan,nan,nan,nan,nan,nan,nan,nan,nan,nan
École franco-américaine de Rhode Island,Etats-Unis,Providence,EPA,nan,nan,nan,nan,nan,nan,74.20,nan,nan,nan,nan,74.30,CE1,48.10,50.50,63.20,67.30,53.75,79.00,73.00,89.50,80.50,85.60,nan,nan,nan,nan,nan,nan,nan,nan,nan,nan,nan,nan,nan,nan,nan,nan,nan,nan,nan,nan,nan,nan,nan,nan,nan,nan,nan
The French American School of Tampa Bay,Etats-Unis,St Petersburg. Florida,EPA,nan,nan,nan,nan,nan,nan,72.90,nan,nan,nan,nan,90.00,CE1,59.40,86.30,82.10,82.80,120.25,87.50,75.80,92.50,83.80,82.80,nan,nan,nan,nan,nan,nan,nan,nan,nan,nan,nan,nan,nan,nan,nan,nan,nan,nan,nan,nan,nan,nan,nan,nan,nan,nan,nan
École franco-américaine de la Silicon Valley,Etats-Unis,Sunnyvale,EPA,nan,nan,nan,nan,nan,nan,88.90,nan,nan,nan,nan,81.00,CE1,88.70,89.50,83.20,90.50,102.35,79.50,83.80,94.80,80.50,89.30,nan,nan,nan,nan,nan,nan,nan,nan,nan,nan,nan,nan,nan,nan,nan,nan,nan,nan,nan,nan,nan,nan,nan,nan,nan,nan,nan
Rochambeau - The French International School,Etats-Unis,Washington-Bethesda,EPA,nan,nan,nan,nan,nan,nan,75.90,nan,nan,nan,nan,71.60,CE1,75.10,79.10,80.30,78.50,76.95,90.80,81.00,88.90,90.40,84.10,nan,nan,nan,nan,nan,nan,nan,nan,nan,nan,nan,nan,nan,nan,nan,nan,nan,nan,nan,nan,nan,nan,nan,nan,nan,nan,nan
Ecole française internationale Charles de Gaulle-Miras,Kazakhstan,Astana,EPA,nan,nan,nan,nan,nan,nan,100.00,nan,nan,nan,nan,92.00,CE1,81.30,82.50,91.70,88.50,96.40,100.00,97.30,92.00,88.00,92.50,nan,nan,nan,nan,nan,nan,nan,nan,nan,nan,nan,nan,nan,nan,nan,nan,nan,nan,nan,nan,nan,nan,nan,nan,nan,nan,nan
Lycée Montaigne,Liban,Beit Chabab,EPA,nan,nan,nan,nan,nan,nan,81.90,nan,nan,nan,nan,90.40,CE1,83.50,89.00,91.10,90.10,74.65,91.10,86.20,94.80,96.80,80.30,nan,nan,nan,nan,nan,nan,nan,nan,nan,nan,nan,nan,nan,nan,nan,nan,nan,nan,nan,nan,nan,nan,nan,nan,nan,nan,nan
Etablissement scolaire français Blaise Pascal,RDC,Lubumbashi,EPA,nan,nan,nan,nan,nan,nan,69.40,nan,nan,nan,nan,75.70,CE1,79.50,82.30,88.60,70.20,80.50,97.30,90.60,87.10,94.60,84.90,nan,nan,nan,nan,nan,nan,nan,nan,nan,nan,nan,nan,nan,nan,nan,nan,nan,nan,nan,nan,nan,nan,nan,nan,nan,nan,nan
Lycée français d'Agadir,Maroc,Agadir,EPR,nan,nan,nan,nan,nan,nan,69.00,nan,nan,nan,nan,75.00,CE1,70.00,80.00,86.00,85.00,70.00,86.00,89.00,71.00,86.00,74.00,nan,nan,nan,nan,nan,nan,nan,nan,nan,nan,nan,nan,nan,nan,nan,nan,nan,nan,nan,nan,nan,nan,nan,nan,nan,nan,nan
Groupe scolaire OSUI Louis Massignon,Maroc,Bouskoura,EPR,nan,nan,nan,nan,nan,nan,73.00,nan,nan,nan,nan,65.50,CE1,77.75,81.50,88.25,78.75,72.75,91.50,87.25,70.25,84.25,72.50,nan,nan,nan,nan,nan,nan,nan,nan,nan,nan,nan,nan,nan,nan,nan,nan,nan,nan,nan,nan,nan,nan,nan,nan,nan,nan,nan
Lycée français international Alphonse Daudet,Maroc,Casablanca,EPR,nan,nan,nan,nan,nan,nan,77.00,nan,nan,nan,nan,66.00,CE1,73.00,79.00,84.00,75.00,70.00,80.00,79.00,67.00,79.00,75.00,nan,nan,nan,nan,nan,nan,nan,nan,nan,nan,nan,nan,nan,nan,nan,nan,nan,nan,nan,nan,nan,nan,nan,nan,nan,nan,nan
Ecole OSUI Odette du Puigaudeau,Maroc,Dakhla,EPR,nan,nan,nan,nan,nan,nan,59.00,nan,nan,nan,nan,65.00,CE1,58.00,57.00,74.00,85.00,48.00,76.00,76.00,71.00,92.00,70.00,nan,nan,nan,nan,nan,nan,nan,nan,nan,nan,nan,nan,nan,nan,nan,nan,nan,nan,nan,nan,nan,nan,nan,nan,nan,nan,nan
Lycée OSUI Jean Charcot,Maroc,El Jadida,EPR,nan,nan,nan,nan,nan,nan,78.00,nan,nan,nan,nan,69.00,CE1,70.00,67.00,83.00,75.00,61.00,90.00,91.00,66.00,85.00,78.00,nan,nan,nan,nan,nan,nan,nan,nan,nan,nan,nan,nan,nan,nan,nan,nan,nan,nan,nan,nan,nan,nan,nan,nan,nan,nan,nan
Groupe scolaire OSUI Eric Tabarly,Maroc,Essaouira,EPR,nan,nan,nan,nan,nan,nan,61.00,nan,nan,nan,nan,56.00,CE1,50.00,67.00,52.00,45.00,56.00,76.00,63.00,44.00,63.00,78.00,nan,nan,nan,nan,nan,nan,nan,nan,nan,nan,nan,nan,nan,nan,nan,nan,nan,nan,nan,nan,nan,nan,nan,nan,nan,nan,nan
Ecole OSUI Paul Pascon,Maroc,Laayoune,EPR,nan,nan,nan,nan,nan,nan,61.00,nan,nan,nan,nan,61.00,CE1,55.00,63.00,75.00,79.00,61.00,81.00,81.00,67.00,95.00,85.00,nan,nan,nan,nan,nan,nan,nan,nan,nan,nan,nan,nan,nan,nan,nan,nan,nan,nan,nan,nan,nan,nan,nan,nan,nan,nan,nan
Groupe scolaire OSUI Jacques Majorelle,Maroc,Marrakech,EPR,nan,nan,nan,nan,nan,nan,64.50,nan,nan,nan,nan,64.00,CE1,67.50,65.50,70.50,70.00,54.00,81.50,88.00,71.00,82.00,79.00,nan,nan,nan,nan,nan,nan,nan,nan,nan,nan,nan,nan,nan,nan,nan,nan,nan,nan,nan,nan,nan,nan,nan,nan,nan,nan,nan
Lycée OSUI André Malraux,Maroc,Rabat,EPR,nan,nan,nan,nan,nan,nan,72.00,nan,nan,nan,nan,68.00,CE1,77.00,78.00,86.00,79.00,72.00,87.00,84.00,70.00,82.00,72.00,nan,nan,nan,nan,nan,nan,nan,nan,nan,nan,nan,nan,nan,nan,nan,nan,nan,nan,nan,nan,nan,nan,nan,nan,nan,nan,nan
Groupe scolaire OSUI Le Détroit,Maroc,Tanger,EPR,nan,nan,nan,nan,nan,nan,68.00,nan,nan,nan,nan,61.00,CE1,66.00,75.00,79.00,77.00,76.00,89.00,88.00,78.00,81.00,72.00,nan,nan,nan,nan,nan,nan,nan,nan,nan,nan,nan,nan,nan,nan,nan,nan,nan,nan,nan,nan,nan,nan,nan,nan,nan,nan,nan
Groupe Scolaire SandrinéO,Maroc,Oujda,EPA,nan,nan,nan,nan,nan,nan,77.00,nan,nan,nan,nan,74.00,CE1,85.00,98.00,96.00,86.00,67.00,88.00,85.00,66.00,96.00,91.00,nan,nan,nan,nan,nan,nan,nan,nan,nan,nan,nan,nan,nan,nan,nan,nan,nan,nan,nan,nan,nan,nan,nan,nan,nan,nan,nan
EFIW / Ecole Mlf,Chine,Wuhan,EE,nan,nan,nan,nan,nan,nan,42.00,nan,nan,nan,nan,83.00,CE1,56.00,85.00,75.00,45.50,55.00,95.00,87.00,90.00,75.00,88.00,nan,nan,nan,nan,nan,nan,nan,nan,nan,nan,nan,nan,nan,nan,nan,nan,nan,nan,nan,nan,nan,nan,nan,nan,nan,nan,nan
Comilog / Ecole de Moanda,Gabon,Moanda,EE,nan,nan,nan,nan,nan,nan,56.00,nan,nan,nan,nan,64.00,CE1,61.00,73.00,83.50,63.00,43.00,78.00,62.00,77.00,76.00,74.00,nan,nan,nan,nan,nan,nan,nan,nan,nan,nan,nan,nan,nan,nan,nan,nan,nan,nan,nan,nan,nan,nan,nan,nan,nan,nan,nan
École publique conventionnée Gros Bouquet II,Gabon,Libreville,EPA,nan,nan,nan,nan,nan,nan,99.00,nan,nan,nan,nan,98.00,CE1,nan,nan,99.50,98.00,142.00,100.00,100.00,98.00,98.00,100.00,nan,nan,nan,nan,nan,nan,nan,nan,nan,nan,nan,nan,nan,nan,nan,nan,nan,nan,nan,nan,nan,nan,nan,nan,nan,nan,nan
École publique conventionnée d'Owendo,Gabon,Libreville,EPA,nan,nan,nan,nan,nan,nan,nan,nan,nan,nan,nan,nan,CE1,86.00,70.50,94.25,82.00,120.00,nan,nan,nan,nan,nan,nan,nan,nan,nan,nan,nan,nan,nan,nan,nan,nan,nan,nan,nan,nan,nan,nan,nan,nan,nan,nan,nan,nan,nan,nan,nan,nan
APEH / Petite Ecole d'Hydra,Algérie,Alger,EE,nan,nan,nan,nan,nan,nan,70.50,nan,nan,nan,nan,80.60,CE1,72.50,75.40,91.55,90.10,49.70,91.10,56.00,76.60,96.30,83.30,nan,nan,nan,nan,nan,nan,nan,nan,nan,nan,nan,nan,nan,nan,nan,nan,nan,nan,nan,nan,nan,nan,nan,nan,nan,nan,nan
Lycée International Jean-Mermoz,Côte d'Ivoire,Abidjan,EPR,nan,nan,nan,nan,nan,nan,69.80,nan,nan,nan,nan,57.20,CE1,75.20,90.00,83.20,71.60,68.07,87.60,70.30,81.00,82.60,75.80,nan,nan,nan,nan,nan,nan,nan,nan,nan,nan,nan,nan,nan,nan,nan,nan,nan,nan,nan,nan,nan,nan,nan,nan,nan,nan,nan
Groupe Scolaire Grain de Soleil,Côte d'Ivoire,Abidjan,EPA,nan,nan,nan,nan,nan,nan,50.00,nan,nan,nan,nan,62.50,CE1,73.00,90.00,84.00,71.00,67.00,89.50,65.00,85.00,80.00,70.00,nan,nan,nan,nan,nan,nan,nan,nan,nan,nan,nan,nan,nan,nan,nan,nan,nan,nan,nan,nan,nan,nan,nan,nan,nan,nan,nan
APEH / Petite Ecole d'Hydra,Algérie,Alger,EE,nan,nan,nan,nan,nan,nan,70.50,nan,nan,nan,nan,80.60,CE1,72.50,75.40,91.55,90.10,49.70,91.10,56.00,76.60,96.30,83.30,nan,nan,nan,nan,nan,nan,nan,nan,nan,nan,nan,nan,nan,nan,nan,nan,nan,nan,nan,nan,nan,nan,nan,nan,nan,nan,nan
Lycée français de Bahreïn,Bahreïn,Muharraq,EPR,nan,nan,nan,nan,nan,nan,61.00,nan,nan,nan,nan,nan,CE2,64.00,nan,nan,nan,103.86,nan,nan,nan,nan,nan,80.50,67.00,66.50,67.50,79.00,77.50,81.50,nan,nan,nan,nan,nan,nan,nan,nan,nan,nan,nan,nan,nan,nan,nan,nan,nan,nan,nan,nan
Lycée français d'Alexandrie,Egypte,Alexandrie,EPR,nan,nan,nan,nan,nan,nan,46.50,nan,nan,nan,nan,nan,CE2,54.20,nan,nan,nan,79.97,nan,nan,nan,nan,nan,65.70,61.40,52.30,51.70,61.10,66.90,63.00,nan,nan,nan,nan,nan,nan,nan,nan,nan,nan,nan,nan,nan,nan,nan,nan,nan,nan,nan,nan
Lycée français Pierre Deschamps,Espagne,Alicante,EPR,nan,nan,nan,nan,nan,nan,64.90,nan,nan,nan,nan,nan,CE2,64.00,nan,nan,nan,94.11,nan,nan,nan,nan,nan,81.90,66.50,65.60,73.40,76.50,72.30,80.00,nan,nan,nan,nan,nan,nan,nan,nan,nan,nan,nan,nan,nan,nan,nan,nan,nan,nan,nan,nan
Lycée français René Verneau,Espagne,Las Palmas,EPR,nan,nan,nan,nan,nan,nan,63.40,nan,nan,nan,nan,nan,CE2,65.00,nan,nan,nan,86.77,nan,nan,nan,nan,nan,83.30,80.40,65.20,77.70,73.40,67.00,87.00,nan,nan,nan,nan,nan,nan,nan,nan,nan,nan,nan,nan,nan,nan,nan,nan,nan,nan,nan,nan
Lycée français André Malraux,Espagne,Murcie,EPR,nan,nan,nan,nan,nan,nan,79.00,nan,nan,nan,nan,nan,CE2,66.60,nan,nan,nan,84.11,nan,nan,nan,nan,nan,77.70,84.80,59.80,50.30,83.50,89.70,85.00,nan,nan,nan,nan,nan,nan,nan,nan,nan,nan,nan,nan,nan,nan,nan,nan,nan,nan,nan,nan
Lycée français de Palma De Majorque,Espagne,Palma de Majorque,EPR,nan,nan,nan,nan,nan,nan,76.00,nan,nan,nan,nan,nan,CE2,60.70,nan,nan,nan,78.33,nan,nan,nan,nan,nan,89.00,64.50,70.00,66.50,82.00,76.40,86.00,nan,nan,nan,nan,nan,nan,nan,nan,nan,nan,nan,nan,nan,nan,nan,nan,nan,nan,nan,nan
Collège français international Marguerite Yourcenar,Espagne,Reus,EPR,nan,nan,nan,nan,nan,nan,58.30,nan,nan,nan,nan,nan,CE2,53.00,nan,nan,nan,96.76,nan,nan,nan,nan,nan,83.80,50.00,58.30,69.90,69.00,72.40,80.00,nan,nan,nan,nan,nan,nan,nan,nan,nan,nan,nan,nan,nan,nan,nan,nan,nan,nan,nan,nan
Lycée Français International Jules-Verne ,Espagne,Santa Cruz de Tenerife,EPR,nan,nan,nan,nan,nan,nan,75.40,nan,nan,nan,nan,nan,CE2,72.20,nan,nan,nan,104.31,nan,nan,nan,nan,nan,86.40,88.80,69.80,86.10,83.60,81.60,94.00,nan,nan,nan,nan,nan,nan,nan,nan,nan,nan,nan,nan,nan,nan,nan,nan,nan,nan,nan,nan
Lycée Molière - Saragosse,Espagne,Saragosse,EPR,nan,nan,nan,nan,nan,nan,68.30,nan,nan,nan,nan,nan,CE2,61.50,nan,nan,nan,83.9,nan,nan,nan,nan,nan,79.20,61.90,65.60,74.90,74.20,76.70,74.00,nan,nan,nan,nan,nan,nan,nan,nan,nan,nan,nan,nan,nan,nan,nan,nan,nan,nan,nan,nan
Lycée français de Castilla y León,Espagne,Valladolid,EPR,nan,nan,nan,nan,nan,nan,68.80,nan,nan,nan,nan,nan,CE2,44.10,nan,nan,nan,82.48,nan,nan,nan,nan,nan,74.00,43.80,58.50,61.60,73.70,76.20,82.00,nan,nan,nan,nan,nan,nan,nan,nan,nan,nan,nan,nan,nan,nan,nan,nan,nan,nan,nan,nan
Lycée Molière - Villanueva de la Cañada,Espagne,Villanueva de la Cañada,EPR,nan,nan,nan,nan,nan,nan,75.00,nan,nan,nan,nan,nan,CE2,67.80,nan,nan,nan,84.42,nan,nan,nan,nan,nan,84.40,58.20,58.70,49.40,76.60,78.00,83.00,nan,nan,nan,nan,nan,nan,nan,nan,nan,nan,nan,nan,nan,nan,nan,nan,nan,nan,nan,nan
Lycée franco-éthiopien Guébré Mariam,Ethiopie,Addis-Abeba,EPR,nan,nan,nan,nan,nan,nan,68.70,nan,nan,nan,nan,nan,CE2,67.00,nan,nan,nan,88.64,nan,nan,nan,nan,nan,80.00,69.30,65.20,74.30,79.40,81.60,89.00,nan,nan,nan,nan,nan,nan,nan,nan,nan,nan,nan,nan,nan,nan,nan,nan,nan,nan,nan,nan
École française de Thessalonique,Grèce,Thessalonique,EPR,nan,nan,nan,nan,nan,nan,69.60,nan,nan,nan,nan,nan,CE2,76.30,nan,nan,nan,101.37,nan,nan,nan,nan,nan,90.50,68.60,61.30,43.50,83.80,81.40,87.50,nan,nan,nan,nan,nan,nan,nan,nan,nan,nan,nan,nan,nan,nan,nan,nan,nan,nan,nan,nan
Lycée français Victor Hugo,Italie,Florence,EPR,nan,nan,nan,nan,nan,nan,80.10,nan,nan,nan,nan,nan,CE2,75.80,nan,nan,nan,102.75,nan,nan,nan,nan,nan,91.10,76.00,70.20,70.20,83.20,87.00,96.00,nan,nan,nan,nan,nan,nan,nan,nan,nan,nan,nan,nan,nan,nan,nan,nan,nan,nan,nan,nan
Areva / Ecole Mlf,Finlande,Rauma,EE,nan,nan,nan,nan,nan,nan,75.00,nan,nan,nan,nan,nan,CE2,71.30,nan,nan,nan,116.11,nan,nan,nan,nan,nan,83.30,90.00,91.70,95.80,85.30,96.30,88.00,nan,nan,nan,nan,nan,nan,nan,nan,nan,nan,nan,nan,nan,nan,nan,nan,nan,nan,nan,nan
École MLF TotalEnergies ,Royaume-Uni,Aberdeen,EE,nan,nan,nan,nan,nan,nan,62.50,nan,nan,nan,nan,nan,CE2,76.90,nan,nan,nan,125.56,nan,nan,nan,nan,nan,91.70,80.00,72.90,68.80,75.20,94.40,94.00,nan,nan,nan,nan,nan,nan,nan,nan,nan,nan,nan,nan,nan,nan,nan,nan,nan,nan,nan,nan
École MLF Bouygues Bâtiment International,Turkménistan,Ashgabat,EE,nan,nan,nan,nan,nan,nan,62.50,nan,nan,nan,nan,nan,CE2,83.80,nan,nan,nan,133.33,nan,nan,nan,nan,nan,91.70,90.00,91.70,45.80,74.10,87.50,100.00,nan,nan,nan,nan,nan,nan,nan,nan,nan,nan,nan,nan,nan,nan,nan,nan,nan,nan,nan,nan
Lycée français d'Al-Khobar,Arabie saoudite,Al-Khobar,EPA,nan,nan,nan,nan,nan,nan,71.80,nan,nan,nan,nan,nan,CE2,72.30,nan,nan,nan,99.27,nan,nan,nan,nan,nan,78.60,72.90,64.60,71.90,82.10,74.10,85.10,nan,nan,nan,nan,nan,nan,nan,nan,nan,nan,nan,nan,nan,nan,nan,nan,nan,nan,nan,nan
TFS - École internationale du Canada,Canada (hors Québec),Toronto,EPA,nan,nan,nan,nan,nan,nan,76.50,nan,nan,nan,nan,nan,CE2,69.60,nan,nan,nan,96.08,nan,nan,nan,nan,nan,88.30,46.70,62.70,67.90,85.00,85.80,87.00,nan,nan,nan,nan,nan,nan,nan,nan,nan,nan,nan,nan,nan,nan,nan,nan,nan,nan,nan,nan
Lycée international Xavier,Corée du Sud,Séoul,EPA,nan,nan,nan,nan,nan,nan,78.10,nan,nan,nan,nan,nan,CE2,75.70,nan,nan,nan,109.16,nan,nan,nan,nan,nan,81.30,81.30,60.90,74.70,81.90,76.00,90.60,nan,nan,nan,nan,nan,nan,nan,nan,nan,nan,nan,nan,nan,nan,nan,nan,nan,nan,nan,nan
Lycée international Honoré de Balzac,Egypte,Le Caire,EPA,nan,nan,nan,nan,nan,nan,60.30,nan,nan,nan,nan,nan,CE2,52.20,nan,nan,nan,72.44,nan,nan,nan,nan,nan,65.70,50.40,52.30,58.70,72.50,72.00,82.40,nan,nan,nan,nan,nan,nan,nan,nan,nan,nan,nan,nan,nan,nan,nan,nan,nan,nan,nan,nan
ISE Molière,Egypte,Alexandrie,EPA,nan,nan,nan,nan,nan,nan,41.70,nan,nan,nan,nan,nan,CE2,44.00,nan,nan,nan,96.5,nan,nan,nan,nan,nan,91.70,32.00,35.80,38.10,70.50,81.30,66.00,nan,nan,nan,nan,nan,nan,nan,nan,nan,nan,nan,nan,nan,nan,nan,nan,nan,nan,nan,nan
Lycée français Théodore Monod,Emirats arabes unis,Abu Dhabi,EPA,nan,nan,nan,nan,nan,nan,68.70,nan,nan,nan,nan,nan,CE2,69.90,nan,nan,nan,103.33,nan,nan,nan,nan,nan,82.50,71.40,65.30,78.00,78.90,76.60,79.00,nan,nan,nan,nan,nan,nan,nan,nan,nan,nan,nan,nan,nan,nan,nan,nan,nan,nan,nan,nan
Lycée français international de l'AFLEC,Emirats arabes unis,Dubaï,EPA,nan,nan,nan,nan,nan,nan,74.20,nan,nan,nan,nan,nan,CE2,69.00,nan,nan,nan,93.06,nan,nan,nan,nan,nan,81.40,72.20,67.20,72.00,83.70,80.00,89.00,nan,nan,nan,nan,nan,nan,nan,nan,nan,nan,nan,nan,nan,nan,nan,nan,nan,nan,nan,nan
Lycée international de Boston,Etats-Unis,Boston,EPA,nan,nan,nan,nan,nan,nan,79.70,nan,nan,nan,nan,nan,CE2,77.50,nan,nan,nan,94.83,nan,nan,nan,nan,nan,92.90,83.60,70.60,85.60,86.30,82.30,91.50,nan,nan,nan,nan,nan,nan,nan,nan,nan,nan,nan,nan,nan,nan,nan,nan,nan,nan,nan,nan
Section française de l'Awty International School,Etats-Unis,Houston,EPA,nan,nan,nan,nan,nan,nan,86.30,nan,nan,nan,nan,nan,CE2,85.30,nan,nan,nan,103.69,nan,nan,nan,nan,nan,90.90,79.00,73.70,88.50,89.80,90.10,100.00,nan,nan,nan,nan,nan,nan,nan,nan,nan,nan,nan,nan,nan,nan,nan,nan,nan,nan,nan,nan
Lycée international de Los Angeles,Etats-Unis,Los Angeles,EPA,nan,nan,nan,nan,nan,nan,60.90,nan,nan,nan,nan,nan,CE2,73.70,nan,nan,nan,98.9,nan,nan,nan,nan,nan,78.20,54.40,55.10,68.80,82.80,80.60,89.40,nan,nan,nan,nan,nan,nan,nan,nan,nan,nan,nan,nan,nan,nan,nan,nan,nan,nan,nan,nan
École Bilingue de la Nouvelle-Orléans,Etats-Unis,Nouvelle-Orléans,EPA,nan,nan,nan,nan,nan,nan,77.50,nan,nan,nan,nan,nan,CE2,60.80,nan,nan,nan,87.11,nan,nan,nan,nan,nan,79.70,57.00,58.20,60.60,84.00,84.50,86.00,nan,nan,nan,nan,nan,nan,nan,nan,nan,nan,nan,nan,nan,nan,nan,nan,nan,nan,nan,nan
École internationale de la Péninsule,Etats-Unis,Palo Alto,EPA,nan,nan,nan,nan,nan,nan,90.70,nan,nan,nan,nan,nan,CE2,80.30,nan,nan,nan,93.31,nan,nan,nan,nan,nan,94.10,77.10,74.00,91.20,88.50,96.00,89.20,nan,nan,nan,nan,nan,nan,nan,nan,nan,nan,nan,nan,nan,nan,nan,nan,nan,nan,nan,nan
École franco-américaine de Rhode Island,Etats-Unis,Providence,EPA,nan,nan,nan,nan,nan,nan,80.6,nan,nan,nan,nan,nan,CE2,65.8,nan,nan,nan,86.67,nan,nan,nan,nan,nan,77.8,61.7,53.9,60.0,84.3,87.1,93.00,nan,nan,nan,nan,nan,nan,nan,nan,nan,nan,nan,nan,nan,nan,nan,nan,nan,nan,nan,nan
The French American School of Tampa Bay,Etats-Unis,St Petersburg. Florida,EPA,nan,nan,nan,nan,nan,nan,69.6,nan,nan,nan,nan,nan,CE2,74.1,nan,nan,nan,92.22,nan,nan,nan,nan,nan,85.7,82.9,71.4,85.7,88.6,87.5,98.00,nan,nan,nan,nan,nan,nan,nan,nan,nan,nan,nan,nan,nan,nan,nan,nan,nan,nan,nan,nan
École franco-américaine de la Silicon Valley,Etats-Unis,Sunnyvale,EPA,nan,nan,nan,nan,nan,nan,93.2,nan,nan,nan,nan,nan,CE2,80.7,nan,nan,nan,132.22,nan,nan,nan,nan,nan,95.1,86.4,78.8,88.3,95.7,96.5,94.00,nan,nan,nan,nan,nan,nan,nan,nan,nan,nan,nan,nan,nan,nan,nan,nan,nan,nan,nan,nan
Rochambeau - The French International School,Etats-Unis,Washington-Bethesda,EPA,nan,nan,nan,nan,nan,nan,79.20,nan,nan,nan,nan,nan,CE2,75.10,nan,nan,nan,98.36,nan,nan,nan,nan,nan,90.80,76.50,71.60,78.20,86.20,81.20,87.40,nan,nan,nan,nan,nan,nan,nan,nan,nan,nan,nan,nan,nan,nan,nan,nan,nan,nan,nan,nan
Ecole française internationale Charles de Gaulle-Miras,Kazakhstan,Astana,EPA,nan,nan,nan,nan,nan,nan,85.00,nan,nan,nan,nan,nan,CE2,82.50,nan,nan,nan,108.33,nan,nan,nan,nan,nan,90.00,84.00,80.00,98.30,91.20,88.80,98.00,nan,nan,nan,nan,nan,nan,nan,nan,nan,nan,nan,nan,nan,nan,nan,nan,nan,nan,nan,nan
Lycée Montaigne,Liban,Beit Chabab,EPA,nan,nan,nan,nan,nan,nan,73.10,nan,nan,nan,nan,nan,CE2,75.20,nan,nan,nan,91.51,nan,nan,nan,nan,nan,83.70,73.30,71.50,81.20,83.30,85.20,89.40,nan,nan,nan,nan,nan,nan,nan,nan,nan,nan,nan,nan,nan,nan,nan,nan,nan,nan,nan,nan
Etablissement scolaire français Blaise Pascal,RDC,Lubumbashi,EPA,nan,nan,nan,nan,nan,nan,47.10,nan,nan,nan,nan,nan,CE2,67.60,nan,nan,nan,111.05,nan,nan,nan,nan,nan,79.60,68.80,64.70,65.20,74.20,71.00,68.00,nan,nan,nan,nan,nan,nan,nan,nan,nan,nan,nan,nan,nan,nan,nan,nan,nan,nan,nan,nan
Lycée français d'Agadir,Maroc,Agadir,EPR,nan,nan,nan,nan,nan,nan,70.00,nan,nan,nan,nan,nan,CE2,78.00,nan,nan,nan,111.00,nan,nan,nan,nan,nan,87.00,83.00,71.00,72.00,85.00,72.00,79.00,nan,nan,nan,nan,nan,nan,nan,nan,nan,nan,nan,nan,nan,nan,nan,nan,nan,nan,nan,nan
Groupe scolaire OSUI Louis Massignon,Maroc,Bouskoura,EPR,nan,nan,nan,nan,nan,nan,72.00,nan,nan,nan,nan,nan,CE2,79.50,nan,nan,nan,115.25,nan,nan,nan,nan,nan,88.25,81.00,74.25,81.00,88.00,76.25,76.75,nan,nan,nan,nan,nan,nan,nan,nan,nan,nan,nan,nan,nan,nan,nan,nan,nan,nan,nan,nan
Lycée français international Alphonse Daudet,Maroc,Casablanca,EPR,nan,nan,nan,nan,nan,nan,65.00,nan,nan,nan,nan,nan,CE2,69.00,nan,nan,nan,97.00,nan,nan,nan,nan,nan,75.00,71.00,67.00,59.00,79.00,74.00,56.00,nan,nan,nan,nan,nan,nan,nan,nan,nan,nan,nan,nan,nan,nan,nan,nan,nan,nan,nan,nan
Ecole OSUI Odette du Puigaudeau,Maroc,Dakhla,EPR,nan,nan,nan,nan,nan,nan,45.00,nan,nan,nan,nan,nan,CE2,59.00,nan,nan,nan,78.00,nan,nan,nan,nan,nan,67.00,51.00,57.00,60.00,73.00,79.00,61.00,nan,nan,nan,nan,nan,nan,nan,nan,nan,nan,nan,nan,nan,nan,nan,nan,nan,nan,nan,nan
Lycée OSUI Jean Charcot,Maroc,El Jadida,EPR,nan,nan,nan,nan,nan,nan,56.00,nan,nan,nan,nan,nan,CE2,73.00,nan,nan,nan,108.00,nan,nan,nan,nan,nan,82.00,75.00,67.00,73.00,85.00,74.00,82.00,nan,nan,nan,nan,nan,nan,nan,nan,nan,nan,nan,nan,nan,nan,nan,nan,nan,nan,nan,nan
Groupe scolaire OSUI Eric Tabarly,Maroc,Essaouira,EPR,nan,nan,nan,nan,nan,nan,50.00,nan,nan,nan,nan,nan,CE2,67.00,nan,nan,nan,94.00,nan,nan,nan,nan,nan,86.00,54.00,54.00,67.00,78.00,56.00,59.00,nan,nan,nan,nan,nan,nan,nan,nan,nan,nan,nan,nan,nan,nan,nan,nan,nan,nan,nan,nan
Ecole OSUI Paul Pascon,Maroc,Laayoune,EPR,nan,nan,nan,nan,nan,nan,71.00,nan,nan,nan,nan,nan,CE2,74.00,nan,nan,nan,100.00,nan,nan,nan,nan,nan,81.00,80.00,76.00,74.00,88.00,86.00,84.00,nan,nan,nan,nan,nan,nan,nan,nan,nan,nan,nan,nan,nan,nan,nan,nan,nan,nan,nan,nan
Groupe scolaire OSUI Jacques Majorelle,Maroc,Marrakech,EPR,nan,nan,nan,nan,nan,nan,56.00,nan,nan,nan,nan,nan,CE2,63.00,nan,nan,nan,93.50,nan,nan,nan,nan,nan,75.50,65.50,58.00,67.50,72.50,71.00,71.50,nan,nan,nan,nan,nan,nan,nan,nan,nan,nan,nan,nan,nan,nan,nan,nan,nan,nan,nan,nan
Lycée OSUI André Malraux,Maroc,Rabat,EPR,nan,nan,nan,nan,nan,nan,71.00,nan,nan,nan,nan,nan,CE2,73.00,nan,nan,nan,98.00,nan,nan,nan,nan,nan,86.00,78.00,70.00,73.00,86.00,75.00,74.00,nan,nan,nan,nan,nan,nan,nan,nan,nan,nan,nan,nan,nan,nan,nan,nan,nan,nan,nan,nan
Groupe scolaire OSUI Le Détroit,Maroc,Tanger,EPR,nan,nan,nan,nan,nan,nan,61.00,nan,nan,nan,nan,nan,CE2,70.00,nan,nan,nan,98.00,nan,nan,nan,nan,nan,82.00,74.00,60.00,64.00,83.00,69.00,66.00,nan,nan,nan,nan,nan,nan,nan,nan,nan,nan,nan,nan,nan,nan,nan,nan,nan,nan,nan,nan
Groupe Scolaire SandrinéO,Maroc,Oujda,EPA,nan,nan,nan,nan,nan,nan,63.00,nan,nan,nan,nan,nan,CE2,77.00,nan,nan,nan,91.00,nan,nan,nan,nan,nan,81.00,77.00,57.00,57.00,85.00,89.00,76.00,nan,nan,nan,nan,nan,nan,nan,nan,nan,nan,nan,nan,nan,nan,nan,nan,nan,nan,nan,nan
EFIW / Ecole Mlf,Chine,Wuhan,EE,nan,nan,nan,nan,nan,nan,75.00,nan,nan,nan,nan,nan,CE2,70.00,nan,nan,nan,100.00,nan,nan,nan,nan,nan,83.00,80.00,77.30,57.00,96.00,85.30,90.00,nan,nan,nan,nan,nan,nan,nan,nan,nan,nan,nan,nan,nan,nan,nan,nan,nan,nan,nan,nan
École publique conventionnée Gros Bouquet II,Gabon,Libreville,EPA,nan,nan,nan,nan,nan,nan,86.00,nan,nan,nan,nan,nan,CE2,78.50,nan,nan,nan,104.40,nan,nan,nan,nan,nan,84.50,86.00,68.70,79.00,75.30,71.70,80.50,nan,nan,nan,nan,nan,nan,nan,nan,nan,nan,nan,nan,nan,nan,nan,nan,nan,nan,nan,nan
Comilog / Ecole de Moanda,Gabon,Moanda,EE,nan,nan,nan,nan,nan,nan,47.00,nan,nan,nan,nan,nan,CE2,55.50,nan,nan,nan,68.90,nan,nan,nan,nan,nan,73.00,48.00,53.30,45.00,64.00,60.70,51.00,nan,nan,nan,nan,nan,nan,nan,nan,nan,nan,nan,nan,nan,nan,nan,nan,nan,nan,nan,nan
Groupe Scolaire Grain de Soleil,Côte d'Ivoire,Abidjan,EPA,nan,nan,nan,nan,nan,nan,57.42,nan,nan,nan,nan,nan,CE2,74.02,nan,nan,nan,87.46,nan,nan,nan,nan,nan,86.78,79.23,65.57,73.04,76.48,71.57,63.92,nan,nan,nan,nan,nan,nan,nan,nan,nan,nan,nan,nan,nan,nan,nan,nan,nan,nan,nan,nan
APEH / Petite Ecole d'Hydra,Algérie,Alger,EE,nan,nan,nan,nan,nan,nan,70.50,nan,nan,nan,nan,nan,CE2,79.00,nan,nan,nan,72.70,nan,nan,nan,nan,nan,83.20,76.50,76.80,73.05,88.27,69.80,68.45,nan,nan,nan,nan,nan,nan,nan,nan,nan,nan,nan,nan,nan,nan,nan,nan,nan,nan,nan,nan
Lycée français de Bahreïn,Bahreïn,Muharraq,EPR,nan,nan,nan,nan,nan,nan,63.50,nan,nan,nan,nan,nan,CM1,55.00,nan,nan,nan,102.86,nan,nan,nan,nan,nan,nan,82.50,nan,nan,74.50,51.50,nan,63.00,72.00,81.00,64.50,nan,nan,nan,nan,nan,nan,nan,nan,nan,nan,nan,nan,nan,nan,nan,nan
Lycée français d'Alexandrie,Egypte,Alexandrie,EPR,nan,nan,nan,nan,nan,nan,69.70,nan,nan,nan,nan,nan,CM1,61.00,nan,nan,nan,105.90,nan,nan,nan,nan,nan,nan,80.60,nan,nan,77.90,62.20,nan,69.30,73.00,85.30,65.90,nan,nan,nan,nan,nan,nan,nan,nan,nan,nan,nan,nan,nan,nan,nan,nan
Lycée français Pierre Deschamps,Espagne,Alicante,EPR,nan,nan,nan,nan,nan,nan,84.50,nan,nan,nan,nan,nan,CM1,81.30,nan,nan,nan,102.94,nan,nan,nan,nan,nan,nan,82.40,nan,nan,86.80,64.80,nan,86.20,77.30,87.40,82.40,nan,nan,nan,nan,nan,nan,nan,nan,nan,nan,nan,nan,nan,nan,nan,nan
Lycée français René Verneau,Espagne,Las Palmas,EPR,nan,nan,nan,nan,nan,nan,75.10,nan,nan,nan,nan,nan,CM1,64.80,nan,nan,nan,102.02,nan,nan,nan,nan,nan,nan,77.70,nan,nan,69.90,59.30,nan,66.40,67.70,89.80,71.60,nan,nan,nan,nan,nan,nan,nan,nan,nan,nan,nan,nan,nan,nan,nan,nan
Lycée français André Malraux,Espagne,Murcie,EPR,nan,nan,nan,nan,nan,nan,84.10,nan,nan,nan,nan,nan,CM1,69.10,nan,nan,nan,117.73,nan,nan,nan,nan,nan,nan,65.10,nan,nan,83.00,57.80,nan,74.70,66.80,79.80,67.20,nan,nan,nan,nan,nan,nan,nan,nan,nan,nan,nan,nan,nan,nan,nan,nan
Lycée français de Palma De Majorque,Espagne,Palma de Majorque,EPR,nan,nan,nan,nan,nan,nan,79.00,nan,nan,nan,nan,nan,CM1,81.30,nan,nan,nan,101.35,nan,nan,nan,nan,nan,nan,78.40,nan,nan,79.10,58.00,nan,81.00,69.70,74.40,81.20,nan,nan,nan,nan,nan,nan,nan,nan,nan,nan,nan,nan,nan,nan,nan,nan
Collège français international Marguerite Yourcenar,Espagne,Reus,EPR,nan,nan,nan,nan,nan,nan,72.90,nan,nan,nan,nan,nan,CM1,71.40,nan,nan,nan,105.94,nan,nan,nan,nan,nan,nan,82.10,nan,nan,79.00,67.00,nan,85.00,75.90,88.10,81.70,nan,nan,nan,nan,nan,nan,nan,nan,nan,nan,nan,nan,nan,nan,nan,nan
Lycée Français International Jules-Verne ,Espagne,Santa Cruz de Tenerife,EPR,nan,nan,nan,nan,nan,nan,70.60,nan,nan,nan,nan,nan,CM1,74.20,nan,nan,nan,104.82,nan,nan,nan,nan,nan,nan,70.70,nan,nan,79.60,67.10,nan,75.50,71.00,75.10,67.80,nan,nan,nan,nan,nan,nan,nan,nan,nan,nan,nan,nan,nan,nan,nan,nan
Lycée Molière - Saragosse,Espagne,Saragosse,EPR,nan,nan,nan,nan,nan,nan,70.80,nan,nan,nan,nan,nan,CM1,73.90,nan,nan,nan,103.58,nan,nan,nan,nan,nan,nan,74.80,nan,nan,80.50,70.70,nan,86.10,77.20,82.20,79.00,nan,nan,nan,nan,nan,nan,nan,nan,nan,nan,nan,nan,nan,nan,nan,nan
Lycée français de Castilla y León,Espagne,Valladolid,EPR,nan,nan,nan,nan,nan,nan,66.60,nan,nan,nan,nan,nan,CM1,78.60,nan,nan,nan,106.22,nan,nan,nan,nan,nan,nan,73.30,nan,nan,72.70,57.60,nan,70.40,54.90,73.60,59.60,nan,nan,nan,nan,nan,nan,nan,nan,nan,nan,nan,nan,nan,nan,nan,nan
Lycée Molière - Villanueva de la Cañada,Espagne,Villanueva de la Cañada,EPR,nan,nan,nan,nan,nan,nan,73.80,nan,nan,nan,nan,nan,CM1,68.10,nan,nan,nan,105.55,nan,nan,nan,nan,nan,nan,65.90,nan,nan,74.10,57.00,nan,71.00,61.90,77.50,72.70,nan,nan,nan,nan,nan,nan,nan,nan,nan,nan,nan,nan,nan,nan,nan,nan
Lycée franco-éthiopien Guébré Mariam,Ethiopie,Addis-Abeba,EPR,nan,nan,nan,nan,nan,nan,63.30,nan,nan,nan,nan,nan,CM1,61.40,nan,nan,nan,111.43,nan,nan,nan,nan,nan,nan,66.40,nan,nan,73.90,55.90,nan,65.10,64.40,66.90,53.70,nan,nan,nan,nan,nan,nan,nan,nan,nan,nan,nan,nan,nan,nan,nan,nan
École française de Thessalonique,Grèce,Thessalonique,EPR,nan,nan,nan,nan,nan,nan,75.40,nan,nan,nan,nan,nan,CM1,57.50,nan,nan,nan,107.97,nan,nan,nan,nan,nan,nan,81.70,nan,nan,89.60,79.00,nan,70.00,79.40,87.50,67.50,nan,nan,nan,nan,nan,nan,nan,nan,nan,nan,nan,nan,nan,nan,nan,nan
Lycée français Victor Hugo,Italie,Florence,EPR,nan,nan,nan,nan,nan,nan,78.80,nan,nan,nan,nan,nan,CM1,85.00,nan,nan,nan,105.86,nan,nan,nan,nan,nan,nan,77.20,nan,nan,81.20,60.10,nan,78.70,75.90,83.30,80.40,nan,nan,nan,nan,nan,nan,nan,nan,nan,nan,nan,nan,nan,nan,nan,nan
Areva / Ecole Mlf,Finlande,Rauma,EE,nan,nan,nan,nan,nan,nan,100.00,nan,nan,nan,nan,nan,CM1,100.00,nan,nan,nan,114.57,nan,nan,nan,nan,nan,nan,25.00,nan,nan,96.90,68.00,nan,90.00,84.70,100.00,81.30,nan,nan,nan,nan,nan,nan,nan,nan,nan,nan,nan,nan,nan,nan,nan,nan
École MLF TotalEnergies ,Royaume-Uni,Aberdeen,EE,nan,nan,nan,nan,nan,nan,95.80,nan,nan,nan,nan,nan,CM1,75.00,nan,nan,nan,98.80,nan,nan,nan,nan,nan,nan,87.50,nan,nan,90.90,69.00,nan,80.00,79.90,64.60,78.10,nan,nan,nan,nan,nan,nan,nan,nan,nan,nan,nan,nan,nan,nan,nan,nan
École MLF Bouygues Bâtiment International,Turkménistan,Ashgabat,EE,nan,nan,nan,nan,nan,nan,66.70,nan,nan,nan,nan,nan,CM1,83.30,nan,nan,nan,96.61,nan,nan,nan,nan,nan,nan,86.10,nan,nan,79.50,60.30,nan,86.70,87.00,72.20,75.00,nan,nan,nan,nan,nan,nan,nan,nan,nan,nan,nan,nan,nan,nan,nan,nan
Lycée français d'Al-Khobar,Arabie saoudite,Al-Khobar,EPA,nan,nan,nan,nan,nan,nan,71.60,nan,nan,nan,nan,nan,CM1,62.50,nan,nan,nan,104.39,nan,nan,nan,nan,nan,nan,80.30,nan,nan,81.10,60.80,nan,74.10,74.60,83.10,67.60,nan,nan,nan,nan,nan,nan,nan,nan,nan,nan,nan,nan,nan,nan,nan,nan
TFS - École internationale du Canada,Canada (hors Québec),Toronto,EPA,nan,nan,nan,nan,nan,nan,79.80,nan,nan,nan,nan,nan,CM1,68.90,nan,nan,nan,112.29,nan,nan,nan,nan,nan,nan,64.80,nan,nan,86.20,62.20,nan,71.90,56.40,67.40,66.20,nan,nan,nan,nan,nan,nan,nan,nan,nan,nan,nan,nan,nan,nan,nan,nan
Lycée international Xavier,Corée du Sud,Séoul,EPA,nan,nan,nan,nan,nan,nan,83.00,nan,nan,nan,nan,nan,CM1,73.00,nan,nan,nan,95.23,nan,nan,nan,nan,nan,nan,78.50,nan,nan,90.50,78.10,nan,78.40,79.50,83.80,74.70,nan,nan,nan,nan,nan,nan,nan,nan,nan,nan,nan,nan,nan,nan,nan,nan
Lycée international Honoré de Balzac,Egypte,Le Caire,EPA,nan,nan,nan,nan,nan,nan,55.80,nan,nan,nan,nan,nan,CM1,42.80,nan,nan,nan,120.87,nan,nan,nan,nan,nan,nan,65.70,nan,nan,70.00,51.70,nan,52.40,63.00,68.50,45.50,nan,nan,nan,nan,nan,nan,nan,nan,nan,nan,nan,nan,nan,nan,nan,nan
ISE Molière,Egypte,Alexandrie,EPA,nan,nan,nan,nan,nan,nan,57.50,nan,nan,nan,nan,nan,CM1,55.00,nan,nan,nan,106.94,nan,nan,nan,nan,nan,nan,59.20,nan,nan,60.20,71.40,nan,41.00,73.60,76.70,50.60,nan,nan,nan,nan,nan,nan,nan,nan,nan,nan,nan,nan,nan,nan,nan,nan
Lycée français Théodore Monod,Emirats arabes unis,Abu Dhabi,EPA,nan,nan,nan,nan,nan,nan,74.90,nan,nan,nan,nan,nan,CM1,70.10,nan,nan,nan,98.29,nan,nan,nan,nan,nan,nan,77.70,nan,nan,84.20,64.70,nan,78.10,74.10,84.30,75.80,nan,nan,nan,nan,nan,nan,nan,nan,nan,nan,nan,nan,nan,nan,nan,nan
Lycée français international de l'AFLEC,Emirats arabes unis,Dubaï,EPA,nan,nan,nan,nan,nan,nan,75.50,nan,nan,nan,nan,nan,CM1,68.20,nan,nan,nan,105.06,nan,nan,nan,nan,nan,nan,77.80,nan,nan,82.70,65.10,nan,72.70,73.70,81.70,71.50,nan,nan,nan,nan,nan,nan,nan,nan,nan,nan,nan,nan,nan,nan,nan,nan
Lycée international de Boston,Etats-Unis,Boston,EPA,nan,nan,nan,nan,nan,nan,85.50,nan,nan,nan,nan,nan,CM1,85.20,nan,nan,nan,91.50,nan,nan,nan,nan,nan,nan,79.80,nan,nan,86.80,68.90,nan,85.80,72.90,88.10,77.80,nan,nan,nan,nan,nan,nan,nan,nan,nan,nan,nan,nan,nan,nan,nan,nan
Section française de l'Awty International School,Etats-Unis,Houston,EPA,nan,nan,nan,nan,nan,nan,91.50,nan,nan,nan,nan,nan,CM1,77.40,nan,nan,nan,108.06,nan,nan,nan,nan,nan,nan,86.90,nan,nan,90.60,75.60,nan,85.20,85.40,94.60,85.70,nan,nan,nan,nan,nan,nan,nan,nan,nan,nan,nan,nan,nan,nan,nan,nan
Lycée international de Los Angeles,Etats-Unis,Los Angeles,EPA,nan,nan,nan,nan,nan,nan,87.50,nan,nan,nan,nan,nan,CM1,80.20,nan,nan,nan,107.88,nan,nan,nan,nan,nan,nan,83.60,nan,nan,88.00,74.30,nan,78.50,72.50,85.40,75.90,nan,nan,nan,nan,nan,nan,nan,nan,nan,nan,nan,nan,nan,nan,nan,nan
École Bilingue de la Nouvelle-Orléans,Etats-Unis,Nouvelle-Orléans,EPA,nan,nan,nan,nan,nan,nan,78.60,nan,nan,nan,nan,nan,CM1,59.00,nan,nan,nan,96.71,nan,nan,nan,nan,nan,nan,55.70,nan,nan,81.60,60.50,nan,64.70,59.90,70.00,65.20,nan,nan,nan,nan,nan,nan,nan,nan,nan,nan,nan,nan,nan,nan,nan,nan
École internationale de la Péninsule,Etats-Unis,Palo Alto,EPA,nan,nan,nan,nan,nan,nan,82.10,nan,nan,nan,nan,nan,CM1,70.30,nan,nan,nan,104.22,nan,nan,nan,nan,nan,nan,74.00,nan,nan,91.20,74.55,nan,81.70,72.70,90.00,75.80,nan,nan,nan,nan,nan,nan,nan,nan,nan,nan,nan,nan,nan,nan,nan,nan
École franco-américaine de Rhode Island,Etats-Unis,Providence,EPA,nan,nan,nan,nan,nan,nan,56.70,nan,nan,nan,nan,nan,CM1,52.30,nan,nan,nan,120.83,nan,nan,nan,nan,nan,nan,51.70,nan,nan,82.90,62.40,nan,70.40,51.30,51.70,47.50,nan,nan,nan,nan,nan,nan,nan,nan,nan,nan,nan,nan,nan,nan,nan,nan
The French American School of Tampa Bay,Etats-Unis,St Petersburg. Florida,EPA,nan,nan,nan,nan,nan,nan,85.00,nan,nan,nan,nan,nan,CM1,66.70,nan,nan,nan,122.22,nan,nan,nan,nan,nan,nan,69.40,nan,nan,78.50,48.90,nan,70.00,70.80,80.60,72.90,nan,nan,nan,nan,nan,nan,nan,nan,nan,nan,nan,nan,nan,nan,nan,nan
École franco-américaine de la Silicon Valley,Etats-Unis,Sunnyvale,EPA,nan,nan,nan,nan,nan,nan,91.40,nan,nan,nan,nan,nan,CM1,76.30,nan,nan,nan,98.48,nan,nan,nan,nan,nan,nan,81.10,nan,nan,90.40,88.90,nan,82.60,78.80,91.20,82.90,nan,nan,nan,nan,nan,nan,nan,nan,nan,nan,nan,nan,nan,nan,nan,nan
Rochambeau - The French International School,Etats-Unis,Washington-Bethesda,EPA,nan,nan,nan,nan,nan,nan,74.70,nan,nan,nan,nan,nan,CM1,80.40,nan,nan,nan,101.47,nan,nan,nan,nan,nan,nan,85.90,nan,nan,78.60,70.50,nan,82.40,80.20,84.40,83.10,nan,nan,nan,nan,nan,nan,nan,nan,nan,nan,nan,nan,nan,nan,nan,nan
Ecole française internationale Charles de Gaulle-Miras,Kazakhstan,Astana,EPA,nan,nan,nan,nan,nan,nan,52.50,nan,nan,nan,nan,nan,CM1,25.00,nan,nan,nan,114.57,nan,nan,nan,nan,nan,nan,66.70,nan,nan,97.90,86.80,nan,60.00,65.30,100.00,50.00,nan,nan,nan,nan,nan,nan,nan,nan,nan,nan,nan,nan,nan,nan,nan,nan
Lycée Montaigne,Liban,Beit Chabab,EPA,nan,nan,nan,nan,nan,nan,63.20,nan,nan,nan,nan,nan,CM1,62.70,nan,nan,nan,105.91,nan,nan,nan,nan,nan,nan,66.80,nan,nan,75.70,61.90,nan,69.80,58.00,62.00,64.50,nan,nan,nan,nan,nan,nan,nan,nan,nan,nan,nan,nan,nan,nan,nan,nan
Etablissement scolaire français Blaise Pascal,RDC,Lubumbashi,EPA,nan,nan,nan,nan,nan,nan,51.70,nan,nan,nan,nan,nan,CM1,77.80,nan,nan,nan,101.79,nan,nan,nan,nan,nan,nan,75.70,nan,nan,71.40,53.60,nan,86.60,77.00,82.30,73.80,nan,nan,nan,nan,nan,nan,nan,nan,nan,nan,nan,nan,nan,nan,nan,nan
Lycée français d'Agadir,Maroc,Agadir,EPR,nan,nan,nan,nan,nan,nan,61.00,nan,nan,nan,nan,nan,CM1,72.00,nan,nan,nan,118.00,nan,nan,nan,nan,nan,nan,77.00,nan,nan,85.00,54.00,nan,82.00,73.00,83.00,74.00,nan,nan,nan,nan,nan,nan,nan,nan,nan,nan,nan,nan,nan,nan,nan,nan
Groupe scolaire OSUI Louis Massignon,Maroc,Bouskoura,EPR,nan,nan,nan,nan,nan,nan,75.50,nan,nan,nan,nan,nan,CM1,81.25,nan,nan,nan,102.00,nan,nan,nan,nan,nan,nan,78.50,nan,nan,85.50,61.25,nan,86.00,73.50,85.75,80.75,nan,nan,nan,nan,nan,nan,nan,nan,nan,nan,nan,nan,nan,nan,nan,nan
Lycée français international Alphonse Daudet,Maroc,Casablanca,EPR,nan,nan,nan,nan,nan,nan,76.00,nan,nan,nan,nan,nan,CM1,78.00,nan,nan,nan,92.00,nan,nan,nan,nan,nan,nan,76.00,nan,nan,86.00,61.00,nan,84.00,66.00,80.00,77.00,nan,nan,nan,nan,nan,nan,nan,nan,nan,nan,nan,nan,nan,nan,nan,nan
Ecole OSUI Odette du Puigaudeau,Maroc,Dakhla,EPR,nan,nan,nan,nan,nan,nan,77.00,nan,nan,nan,nan,nan,CM1,81.00,nan,nan,nan,45.00,nan,nan,nan,nan,nan,nan,81.00,nan,nan,86.00,72.00,nan,85.00,76.00,83.00,79.00,nan,nan,nan,nan,nan,nan,nan,nan,nan,nan,nan,nan,nan,nan,nan,nan
Lycée OSUI Jean Charcot,Maroc,El Jadida,EPR,nan,nan,nan,nan,nan,nan,70.00,nan,nan,nan,nan,nan,CM1,78.00,nan,nan,nan,100.00,nan,nan,nan,nan,nan,nan,76.00,nan,nan,86.00,50.00,nan,80.00,72.00,81.00,76.00,nan,nan,nan,nan,nan,nan,nan,nan,nan,nan,nan,nan,nan,nan,nan,nan
Groupe scolaire OSUI Eric Tabarly,Maroc,Essaouira,EPR,nan,nan,nan,nan,nan,nan,77.00,nan,nan,nan,nan,nan,CM1,82.00,nan,nan,nan,101.00,nan,nan,nan,nan,nan,nan,74.00,nan,nan,86.00,62.00,nan,87.00,64.00,80.00,83.00,nan,nan,nan,nan,nan,nan,nan,nan,nan,nan,nan,nan,nan,nan,nan,nan
Ecole OSUI Paul Pascon,Maroc,Laayoune,EPR,nan,nan,nan,nan,nan,nan,86.00,nan,nan,nan,nan,nan,CM1,79.00,nan,nan,nan,75.00,nan,nan,nan,nan,nan,nan,91.00,nan,nan,87.00,85.00,nan,80.00,83.00,85.00,84.00,nan,nan,nan,nan,nan,nan,nan,nan,nan,nan,nan,nan,nan,nan,nan,nan
Groupe scolaire OSUI Jacques Majorelle,Maroc,Marrakech,EPR,nan,nan,nan,nan,nan,nan,85.50,nan,nan,nan,nan,nan,CM1,91.00,nan,nan,nan,51.50,nan,nan,nan,nan,nan,nan,90.00,nan,nan,86.50,84.50,nan,92.00,84.00,89.50,88.00,nan,nan,nan,nan,nan,nan,nan,nan,nan,nan,nan,nan,nan,nan,nan,nan
Lycée OSUI André Malraux,Maroc,Rabat,EPR,nan,nan,nan,nan,nan,nan,79.00,nan,nan,nan,nan,nan,CM1,86.00,nan,nan,nan,104.00,nan,nan,nan,nan,nan,nan,88.00,nan,nan,81.00,72.00,nan,87.00,76.00,89.00,84.00,nan,nan,nan,nan,nan,nan,nan,nan,nan,nan,nan,nan,nan,nan,nan,nan
Groupe scolaire OSUI Le Détroit,Maroc,Tanger,EPR,nan,nan,nan,nan,nan,nan,69.00,nan,nan,nan,nan,nan,CM1,74.00,nan,nan,nan,89.00,nan,nan,nan,nan,nan,nan,76.00,nan,nan,79.00,48.00,nan,78.00,61.00,72.00,74.00,nan,nan,nan,nan,nan,nan,nan,nan,nan,nan,nan,nan,nan,nan,nan,nan
Groupe Scolaire SandrinéO,Maroc,Oujda,EPA,nan,nan,nan,nan,nan,nan,50.00,nan,nan,nan,nan,nan,CM1,74.00,nan,nan,nan,91.00,nan,nan,nan,nan,nan,nan,74.00,nan,nan,80.00,70.00,nan,77.00,56.00,69.00,72.00,nan,nan,nan,nan,nan,nan,nan,nan,nan,nan,nan,nan,nan,nan,nan,nan
EFIW / Ecole Mlf,Chine,Wuhan,EE,nan,nan,nan,nan,nan,nan,94.00,nan,nan,nan,nan,nan,CM1,88.00,nan,nan,nan,141.00,nan,nan,nan,nan,nan,nan,83.00,nan,nan,89.00,60.33,nan,100.00,94.00,100.00,87.50,nan,nan,nan,nan,nan,nan,nan,nan,nan,nan,nan,nan,nan,nan,nan,nan
Ecole MLF-BOUYGUES,Cuba,Ramon de Antilla,EE,nan,nan,nan,nan,nan,nan,98.00,nan,nan,nan,nan,nan,CM1,97.00,nan,nan,nan,6.00,nan,nan,nan,nan,nan,nan,99.00,nan,nan,98.67,98.33,nan,96.00,96.33,98.50,97.00,nan,nan,nan,nan,nan,nan,nan,nan,nan,nan,nan,nan,nan,nan,nan,nan
École publique conventionnée d'Owendo,Gabon,Owendo,EPA,nan,nan,nan,nan,nan,nan,34.00,nan,nan,nan,nan,nan,CM1,73.00,nan,nan,nan,82.00,nan,nan,nan,nan,nan,nan,76.00,nan,nan,67.67,66.00,nan,65.00,63.67,65.50,63.50,nan,nan,nan,nan,nan,nan,nan,nan,nan,nan,nan,nan,nan,nan,nan,nan
École publique conventionnée de Franceville,Gabon,Franceville,EPA,nan,nan,nan,nan,nan,nan,43.33,nan,nan,nan,nan,nan,CM1,77.50,nan,nan,nan,91.55,nan,nan,nan,nan,nan,nan,87.50,nan,nan,66.41,69.42,nan,66.00,79.72,76.88,74.38,nan,nan,nan,nan,nan,nan,nan,nan,nan,nan,nan,nan,nan,nan,nan,nan
École publique conventionnée Gros Bouquet I,Gabon,Libreville,EPA,nan,nan,nan,nan,nan,nan,58.00,nan,nan,nan,nan,nan,CM1,76.00,nan,nan,nan,91.00,nan,nan,nan,nan,nan,nan,83.00,nan,nan,76.00,72.33,nan,79.00,79.33,82.00,76.00,nan,nan,nan,nan,nan,nan,nan,nan,nan,nan,nan,nan,nan,nan,nan,nan
École publique conventionnée Gros Bouquet II,Gabon,Libreville,EPA,nan,nan,nan,nan,nan,nan,78.00,nan,nan,nan,nan,nan,CM1,87.00,nan,nan,nan,71.00,nan,nan,nan,nan,nan,nan,92.00,nan,nan,69.33,63.33,nan,76.00,78.00,78.50,84.00,nan,nan,nan,nan,nan,nan,nan,nan,nan,nan,nan,nan,nan,nan,nan,nan
Ecole Publique Conventionnée de Port-Gentil,Gabon,Port Gentil,EPA,nan,nan,nan,nan,nan,nan,51.00,nan,nan,nan,nan,nan,CM1,71.00,nan,nan,nan,84.50,nan,nan,nan,nan,nan,nan,75.00,nan,nan,66.00,54.67,nan,73.00,71.17,76.50,69.20,nan,nan,nan,nan,nan,nan,nan,nan,nan,nan,nan,nan,nan,nan,nan,nan
Comilog / Ecole de Moanda,Gabon,Moanda,EE,nan,nan,nan,nan,nan,nan,37.00,nan,nan,nan,nan,nan,CM1,63.00,nan,nan,nan,64.00,nan,nan,nan,nan,nan,nan,52.00,nan,nan,61.00,52.67,nan,58.00,52.00,51.50,48.00,nan,nan,nan,nan,nan,nan,nan,nan,nan,nan,nan,nan,nan,nan,nan,nan
APEH / Petite Ecole d'Hydra,Algérie,Alger,EE,nan,nan,nan,nan,nan,nan,69.30,nan,nan,nan,nan,nan,CM1,81.00,nan,nan,nan,53.00,nan,nan,nan,nan,nan,nan,77.30,nan,nan,79.87,60.73,nan,82.70,79.67,80.45,84.55,nan,nan,nan,nan,nan,nan,nan,nan,nan,nan,nan,nan,nan,nan,nan,nan
Groupe Scolaire Grain de Soleil,Côte d'Ivoire,Abidjan,EPA,nan,nan,nan,nan,nan,nan,60.64,nan,nan,nan,nan,nan,CM1,75.79,nan,nan,nan,87.58,nan,nan,nan,nan,nan,nan,68.52,nan,nan,71.48,46.28,nan,84.17,66.88,68.61,78.61,nan,nan,nan,nan,nan,nan,nan,nan,nan,nan,nan,nan,nan,nan,nan,nan
Lycée français de Bahreïn,Bahreïn,Muharraq,EPR,64.00,nan,nan,nan,nan,nan,68.00,nan,nan,nan,nan,nan,CM2,nan,nan,nan,nan,107.25,nan,nan,nan,nan,nan,nan,nan,nan,nan,71.00,61.50,nan,nan,75.00,79.50,79.00,61.50,84.50,nan,nan,nan,nan,nan,nan,nan,nan,nan,nan,nan,nan,nan,nan
Lycée français d'Alexandrie,Egypte,Alexandrie,EPR,61.60,nan,nan,nan,nan,nan,67.80,nan,nan,nan,nan,nan,CM2,nan,nan,nan,nan,101.67,nan,nan,nan,nan,nan,nan,nan,nan,nan,68.40,57.80,nan,nan,71.30,80.30,69.80,55.50,74.50,nan,nan,nan,nan,nan,nan,nan,nan,nan,nan,nan,nan,nan,nan
Lycée français Pierre Deschamps,Espagne,Alicante,EPR,79.90,nan,nan,nan,nan,nan,69.00,nan,nan,nan,nan,nan,CM2,nan,nan,nan,nan,82.03,nan,nan,nan,nan,nan,nan,nan,nan,nan,66.60,56.40,nan,nan,64.50,72.30,82.60,70.60,66.40,nan,nan,nan,nan,nan,nan,nan,nan,nan,nan,nan,nan,nan,nan
Lycée français René Verneau,Espagne,Las Palmas,EPR,74.30,nan,nan,nan,nan,nan,69.90,nan,nan,nan,nan,nan,CM2,nan,nan,nan,nan,94.64,nan,nan,nan,nan,nan,nan,nan,nan,nan,63.10,55.40,nan,nan,63.00,71.90,75.00,67.70,73.70,nan,nan,nan,nan,nan,nan,nan,nan,nan,nan,nan,nan,nan,nan
Lycée français André Malraux,Espagne,Murcie,EPR,79.20,nan,nan,nan,nan,nan,80.80,nan,nan,nan,nan,nan,CM2,nan,nan,nan,nan,108.49,nan,nan,nan,nan,nan,nan,nan,nan,nan,81.80,65.90,nan,nan,70.50,83.90,78.40,72.30,66.30,nan,nan,nan,nan,nan,nan,nan,nan,nan,nan,nan,nan,nan,nan
Lycée français de Palma De Majorque,Espagne,Palma de Majorque,EPR,80.50,nan,nan,nan,nan,nan,64.90,nan,nan,nan,nan,nan,CM2,nan,nan,nan,nan,87.75,nan,nan,nan,nan,nan,nan,nan,nan,nan,64.80,56.80,nan,nan,59.40,73.60,76.10,67.10,66.70,nan,nan,nan,nan,nan,nan,nan,nan,nan,nan,nan,nan,nan,nan
Collège français international Marguerite Yourcenar,Espagne,Reus,EPR,56.40,nan,nan,nan,nan,nan,68.30,nan,nan,nan,nan,nan,CM2,nan,nan,nan,nan,82.90,nan,nan,nan,nan,nan,nan,nan,nan,nan,65.60,47.60,nan,nan,57.20,61.00,68.40,60.10,50.00,nan,nan,nan,nan,nan,nan,nan,nan,nan,nan,nan,nan,nan,nan
Lycée Français International Jules-Verne ,Espagne,Santa Cruz de Tenerife,EPR,74.00,nan,nan,nan,nan,nan,68.00,nan,nan,nan,nan,nan,CM2,nan,nan,nan,nan,100.32,nan,nan,nan,nan,nan,nan,nan,nan,nan,71.50,65.20,nan,nan,69.90,68.10,73.10,76.70,77.10,nan,nan,nan,nan,nan,nan,nan,nan,nan,nan,nan,nan,nan,nan
Lycée Molière - Saragosse,Espagne,Saragosse,EPR,82.20,nan,nan,nan,nan,nan,76.70,nan,nan,nan,nan,nan,CM2,nan,nan,nan,nan,105.18,nan,nan,nan,nan,nan,nan,nan,nan,nan,74.80,77.40,nan,nan,83.30,83.60,91.30,78.90,79.90,nan,nan,nan,nan,nan,nan,nan,nan,nan,nan,nan,nan,nan,nan
Lycée français de Castilla y León,Espagne,Valladolid,EPR,78.60,nan,nan,nan,nan,nan,81.30,nan,nan,nan,nan,nan,CM2,nan,nan,nan,nan,117.74,nan,nan,nan,nan,nan,nan,nan,nan,nan,67.40,58.10,nan,nan,70.70,74.80,76.90,72.60,63.20,nan,nan,nan,nan,nan,nan,nan,nan,nan,nan,nan,nan,nan,nan
Lycée Molière - Villanueva de la Cañada,Espagne,Villanueva de la Cañada,EPR,75.40,nan,nan,nan,nan,nan,75.50,nan,nan,nan,nan,nan,CM2,nan,nan,nan,nan,101.75,nan,nan,nan,nan,nan,nan,nan,nan,nan,76.60,68.20,nan,nan,68.50,76.90,83.30,66.30,66.50,nan,nan,nan,nan,nan,nan,nan,nan,nan,nan,nan,nan,nan,nan
Lycée franco-éthiopien Guébré Mariam,Ethiopie,Addis-Abeba,EPR,68.00,nan,nan,nan,nan,nan,55.80,nan,nan,nan,nan,nan,CM2,nan,nan,nan,nan,108.41,nan,nan,nan,nan,nan,nan,nan,nan,nan,65.20,53.80,nan,nan,63.10,67.10,62.70,57.80,64.40,nan,nan,nan,nan,nan,nan,nan,nan,nan,nan,nan,nan,nan,nan
École française de Thessalonique,Grèce,Thessalonique,EPR,70.30,nan,nan,nan,nan,nan,60.50,nan,nan,nan,nan,nan,CM2,nan,nan,nan,nan,107.01,nan,nan,nan,nan,nan,nan,nan,nan,nan,61.30,55.60,nan,nan,71.60,60.80,68.30,65.20,70.50,nan,nan,nan,nan,nan,nan,nan,nan,nan,nan,nan,nan,nan,nan
Lycée français Victor Hugo,Italie,Florence,EPR,82.90,nan,nan,nan,nan,nan,68.90,nan,nan,nan,nan,nan,CM2,nan,nan,nan,nan,111.27,nan,nan,nan,nan,nan,nan,nan,nan,nan,70.10,57.10,nan,nan,76.80,79.40,82.60,69.10,69.70,nan,nan,nan,nan,nan,nan,nan,nan,nan,nan,nan,nan,nan,nan
École MLF TotalEnergies ,Royaume-Uni,Aberdeen,EE,85.70,nan,nan,nan,nan,nan,86.70,nan,nan,nan,nan,nan,CM2,nan,nan,nan,nan,89.76,nan,nan,nan,nan,nan,nan,nan,nan,nan,80.20,63.20,nan,nan,81.30,81.30,100.00,86.90,87.50,nan,nan,nan,nan,nan,nan,nan,nan,nan,nan,nan,nan,nan,nan
École MLF Bouygues Bâtiment International,Turkménistan,Ashgabat,EE,100.00,nan,nan,nan,nan,nan,91.70,nan,nan,nan,nan,nan,CM2,nan,nan,nan,nan,102.00,nan,nan,nan,nan,nan,nan,nan,nan,nan,74.60,76.80,nan,nan,75.00,93.80,87.50,76.10,79.20,nan,nan,nan,nan,nan,nan,nan,nan,nan,nan,nan,nan,nan,nan
Lycée français d'Al-Khobar,Arabie saoudite,Al-Khobar,EPA,71.60,nan,nan,nan,nan,nan,77.40,nan,nan,nan,nan,nan,CM2,nan,nan,nan,nan,104.35,nan,nan,nan,nan,nan,nan,nan,nan,nan,77.20,58.00,nan,nan,74.90,84.40,78.90,67.60,77.60,nan,nan,nan,nan,nan,nan,nan,nan,nan,nan,nan,nan,nan,nan
TFS - École internationale du Canada,Canada (hors Québec),Toronto,EPA,78.90,nan,nan,nan,nan,nan,84.70,nan,nan,nan,nan,nan,CM2,nan,nan,nan,nan,111.10,nan,nan,nan,nan,nan,nan,nan,nan,nan,81.10,70.00,nan,nan,66.70,68.40,79.30,74.20,73.00,nan,nan,nan,nan,nan,nan,nan,nan,nan,nan,nan,nan,nan,nan
Lycée international Xavier,Corée du Sud,Séoul,EPA,66.40,nan,nan,nan,nan,nan,67.10,nan,nan,nan,nan,nan,CM2,nan,nan,nan,nan,110.33,nan,nan,nan,nan,nan,nan,nan,nan,nan,73.00,77.80,nan,nan,70.20,61.30,64.00,57.70,68.60,nan,nan,nan,nan,nan,nan,nan,nan,nan,nan,nan,nan,nan,nan
Lycée international Honoré de Balzac,Egypte,Le Caire,EPA,63.20,nan,nan,nan,nan,nan,63.60,nan,nan,nan,nan,nan,CM2,nan,nan,nan,nan,120.09,nan,nan,nan,nan,nan,nan,nan,nan,nan,64.90,58.60,nan,nan,63.40,74.90,55.70,51.90,57.00,nan,nan,nan,nan,nan,nan,nan,nan,nan,nan,nan,nan,nan,nan
ISE Molière,Egypte,Alexandrie,EPA,58.40,nan,nan,nan,nan,nan,69.10,nan,nan,nan,nan,nan,CM2,nan,nan,nan,nan,68.24,nan,nan,nan,nan,nan,nan,nan,nan,nan,62.30,49.30,nan,nan,59.10,77.50,51.10,46.40,44.70,nan,nan,nan,nan,nan,nan,nan,nan,nan,nan,nan,nan,nan,nan
Lycée français Théodore Monod,Emirats arabes unis,Abu Dhabi,EPA,75.40,nan,nan,nan,nan,nan,74.90,nan,nan,nan,nan,nan,CM2,nan,nan,nan,nan,104.76,nan,nan,nan,nan,nan,nan,nan,nan,nan,73.60,64.00,nan,nan,75.20,81.10,75.10,65.50,72.10,nan,nan,nan,nan,nan,nan,nan,nan,nan,nan,nan,nan,nan,nan
Lycée français international de l'AFLEC,Emirats arabes unis,Dubaï,EPA,71.00,nan,nan,nan,nan,nan,72.00,nan,nan,nan,nan,nan,CM2,nan,nan,nan,nan,100.82,nan,nan,nan,nan,nan,nan,nan,nan,nan,75.10,61.90,nan,nan,74.60,74.60,75.50,64.70,75.30,nan,nan,nan,nan,nan,nan,nan,nan,nan,nan,nan,nan,nan,nan
Lycée international de Boston,Etats-Unis,Boston,EPA,74.60,nan,nan,nan,nan,nan,82.50,nan,nan,nan,nan,nan,CM2,nan,nan,nan,nan,111.60,nan,nan,nan,nan,nan,nan,nan,nan,nan,84.30,64.70,nan,nan,73.00,78.10,84.60,72.80,73.30,nan,nan,nan,nan,nan,nan,nan,nan,nan,nan,nan,nan,nan,nan
Section française de l'Awty International School,Etats-Unis,Houston,EPA,85.40,nan,nan,nan,nan,nan,87.70,nan,nan,nan,nan,nan,CM2,nan,nan,nan,nan,106.09,nan,nan,nan,nan,nan,nan,nan,nan,nan,88.40,84.30,nan,nan,87.50,84.30,89.80,79.40,89.10,nan,nan,nan,nan,nan,nan,nan,nan,nan,nan,nan,nan,nan,nan
Lycée international de Los Angeles,Etats-Unis,Los Angeles,EPA,75.00,nan,nan,nan,nan,nan,75.30,nan,nan,nan,nan,nan,CM2,nan,nan,nan,nan,82.90,nan,nan,nan,nan,nan,nan,nan,nan,nan,78.00,65.10,nan,nan,64.60,67.60,76.10,71.90,66.60,nan,nan,nan,nan,nan,nan,nan,nan,nan,nan,nan,nan,nan,nan
École Bilingue de la Nouvelle-Orléans,Etats-Unis,Nouvelle-Orléans,EPA,88.00,nan,nan,nan,nan,nan,74.80,nan,nan,nan,nan,nan,CM2,nan,nan,nan,nan,89.74,nan,nan,nan,nan,nan,nan,nan,nan,nan,78.10,68.50,nan,nan,63.70,80.50,74.30,72.40,67.60,nan,nan,nan,nan,nan,nan,nan,nan,nan,nan,nan,nan,nan,nan
École internationale de la Péninsule,Etats-Unis,Palo Alto,EPA,84.50,nan,nan,nan,nan,nan,90.30,nan,nan,nan,nan,nan,CM2,nan,nan,nan,nan,110.01,nan,nan,nan,nan,nan,nan,nan,nan,nan,91.10,80.70,nan,nan,77.90,81.20,88.70,84.60,84.50,nan,nan,nan,nan,nan,nan,nan,nan,nan,nan,nan,nan,nan,nan
École franco-américaine de Rhode Island,Etats-Unis,Providence,EPA,71.40,nan,nan,nan,nan,nan,55.20,nan,nan,nan,nan,nan,CM2,nan,nan,nan,nan,110.23,nan,nan,nan,nan,nan,nan,nan,nan,nan,72.70,60.80,nan,nan,49.80,53.30,42.70,46.50,44.80,nan,nan,nan,nan,nan,nan,nan,nan,nan,nan,nan,nan,nan,nan
The French American School of Tampa Bay,Etats-Unis,St Petersburg. Florida,EPA,80.00,nan,nan,nan,nan,nan,90.30,nan,nan,nan,nan,nan,CM2,nan,nan,nan,nan,104.99,nan,nan,nan,nan,nan,nan,nan,nan,nan,82.60,66.10,nan,nan,81.30,84.20,87.50,79.10,78.30,nan,nan,nan,nan,nan,nan,nan,nan,nan,nan,nan,nan,nan,nan
École franco-américaine de la Silicon Valley,Etats-Unis,Sunnyvale,EPA,84.00,nan,nan,nan,nan,nan,89.00,nan,nan,nan,nan,nan,CM2,nan,nan,nan,nan,83.92,nan,nan,nan,nan,nan,nan,nan,nan,nan,83.80,80.00,nan,nan,86.80,81.50,85.30,81.50,82.40,nan,nan,nan,nan,nan,nan,nan,nan,nan,nan,nan,nan,nan,nan
Rochambeau - The French International School,Etats-Unis,Washington-Bethesda,EPA,78.90,nan,nan,nan,nan,nan,73.80,nan,nan,nan,nan,nan,CM2,nan,nan,nan,nan,104.23,nan,nan,nan,nan,nan,nan,nan,nan,nan,72.40,65.70,nan,nan,78.70,80.90,84.80,74.50,83.00,nan,nan,nan,nan,nan,nan,nan,nan,nan,nan,nan,nan,nan,nan
Ecole française internationale Charles de Gaulle-Miras,Kazakhstan,Astana,EPA,85.70,nan,nan,nan,nan,nan,90.00,nan,nan,nan,nan,nan,CM2,nan,nan,nan,nan,118.78,nan,nan,nan,nan,nan,nan,nan,nan,nan,98.60,93.30,nan,nan,93.80,100.00,100.00,79.40,91.70,nan,nan,nan,nan,nan,nan,nan,nan,nan,nan,nan,nan,nan,nan
Lycée Montaigne,Liban,Beit Chabab,EPA,69.30,nan,nan,nan,nan,nan,65.50,nan,nan,nan,nan,nan,CM2,nan,nan,nan,nan,103.14,nan,nan,nan,nan,nan,nan,nan,nan,nan,67.40,62.60,nan,nan,65.50,71.10,66.80,61.50,75.00,nan,nan,nan,nan,nan,nan,nan,nan,nan,nan,nan,nan,nan,nan
Etablissement scolaire français Blaise Pascal,RDC,Lubumbashi,EPA,81.60,nan,nan,nan,nan,nan,61.70,nan,nan,nan,nan,nan,CM2,nan,nan,nan,nan,124.25,nan,nan,nan,nan,nan,nan,nan,nan,nan,64.10,53.70,nan,nan,78.70,76.90,82.30,73.50,74.30,nan,nan,nan,nan,nan,nan,nan,nan,nan,nan,nan,nan,nan,nan
Lycée français d'Agadir,Maroc,Agadir,EPR,80.00,nan,nan,nan,nan,nan,65.00,nan,nan,nan,nan,nan,CM2,nan,nan,nan,nan,99.00,nan,nan,nan,nan,nan,nan,nan,nan,nan,71.00,56.00,nan,nan,76.00,76.00,80.00,70.00,79.00,nan,nan,nan,nan,nan,nan,nan,nan,nan,nan,nan,nan,nan,nan
Groupe scolaire OSUI Louis Massignon,Maroc,Bouskoura,EPR,77.00,nan,nan,nan,nan,nan,73.75,nan,nan,nan,nan,nan,CM2,nan,nan,nan,nan,100.25,nan,nan,nan,nan,nan,nan,nan,nan,nan,78.50,62.25,nan,nan,75.75,82.25,80.75,70.75,79.50,nan,nan,nan,nan,nan,nan,nan,nan,nan,nan,nan,nan,nan,nan
Lycée français international Alphonse Daudet,Maroc,Casablanca,EPR,88.00,nan,nan,nan,nan,nan,78.00,nan,nan,nan,nan,nan,CM2,nan,nan,nan,nan,102.00,nan,nan,nan,nan,nan,nan,nan,nan,nan,84.00,72.00,nan,nan,81.00,90.00,89.00,81.00,84.00,nan,nan,nan,nan,nan,nan,nan,nan,nan,nan,nan,nan,nan,nan
Ecole OSUI Odette du Puigaudeau,Maroc,Dakhla,EPR,60.00,nan,nan,nan,nan,nan,46.00,nan,nan,nan,nan,nan,CM2,nan,nan,nan,nan,110.00,nan,nan,nan,nan,nan,nan,nan,nan,nan,57.00,60.00,nan,nan,60.00,60.00,60.00,56.00,59.00,nan,nan,nan,nan,nan,nan,nan,nan,nan,nan,nan,nan,nan,nan
Lycée OSUI Jean Charcot,Maroc,El Jadida,EPR,79.00,nan,nan,nan,nan,nan,63.00,nan,nan,nan,nan,nan,CM2,nan,nan,nan,nan,105.00,nan,nan,nan,nan,nan,nan,nan,nan,nan,70.00,46.00,nan,nan,60.00,71.00,70.00,69.00,73.00,nan,nan,nan,nan,nan,nan,nan,nan,nan,nan,nan,nan,nan,nan
Groupe scolaire OSUI Eric Tabarly,Maroc,Essaouira,EPR,84.00,nan,nan,nan,nan,nan,73.00,nan,nan,nan,nan,nan,CM2,nan,nan,nan,nan,92.00,nan,nan,nan,nan,nan,nan,nan,nan,nan,83.00,69.00,nan,nan,72.00,66.00,64.00,86.00,81.00,nan,nan,nan,nan,nan,nan,nan,nan,nan,nan,nan,nan,nan,nan
Ecole OSUI Paul Pascon,Maroc,Laayoune,EPR,77.00,nan,nan,nan,nan,nan,80.00,nan,nan,nan,nan,nan,CM2,nan,nan,nan,nan,103.00,nan,nan,nan,nan,nan,nan,nan,nan,nan,71.00,75.00,nan,nan,78.00,86.00,79.00,68.00,82.00,nan,nan,nan,nan,nan,nan,nan,nan,nan,nan,nan,nan,nan,nan
Groupe scolaire OSUI Jacques Majorelle,Maroc,Marrakech,EPR,87.50,nan,nan,nan,nan,nan,75.00,nan,nan,nan,nan,nan,CM2,nan,nan,nan,nan,116.00,nan,nan,nan,nan,nan,nan,nan,nan,nan,74.00,79.50,nan,nan,72.50,83.50,77.00,81.50,79.00,nan,nan,nan,nan,nan,nan,nan,nan,nan,nan,nan,nan,nan,nan
Lycée OSUI André Malraux,Maroc,Rabat,EPR,81.00,nan,nan,nan,nan,nan,69.00,nan,nan,nan,nan,nan,CM2,nan,nan,nan,nan,104.00,nan,nan,nan,nan,nan,nan,nan,nan,nan,76.00,65.00,nan,nan,78.00,80.00,82.00,72.00,81.00,nan,nan,nan,nan,nan,nan,nan,nan,nan,nan,nan,nan,nan,nan
Groupe scolaire OSUI Le Détroit,Maroc,Tanger,EPR,81.00,nan,nan,nan,nan,nan,66.00,nan,nan,nan,nan,nan,CM2,nan,nan,nan,nan,110.00,nan,nan,nan,nan,nan,nan,nan,nan,nan,76.00,53.00,nan,nan,76.00,83.00,85.00,76.00,85.00,nan,nan,nan,nan,nan,nan,nan,nan,nan,nan,nan,nan,nan,nan
Groupe Scolaire SandrinéO,Maroc,Oujda,EPA,79.00,nan,nan,nan,nan,nan,65.00,nan,nan,nan,nan,nan,CM2,nan,nan,nan,nan,114.00,nan,nan,nan,nan,nan,nan,nan,nan,nan,65.00,54.00,nan,nan,66.00,74.00,74.00,65.00,79.00,nan,nan,nan,nan,nan,nan,nan,nan,nan,nan,nan,nan,nan,nan
Comilog / Ecole de Moanda,Gabon,Moanda,EE,65.00,nan,nan,nan,nan,nan,49.00,nan,nan,nan,nan,nan,CM2,nan,nan,nan,nan,65.00,nan,nan,nan,nan,nan,nan,nan,nan,nan,55.40,59.70,nan,nan,53.00,57.00,65.00,53.00,58.00,nan,nan,nan,nan,nan,nan,nan,nan,nan,nan,nan,nan,nan,nan
Groupe Scolaire Grain de Soleil,Côte d'Ivoire,Abidjan,EPA,75.44,nan,nan,nan,nan,nan,54.88,nan,nan,nan,nan,nan,CM2,nan,nan,nan,nan,87.37,nan,nan,nan,nan,nan,nan,nan,nan,nan,74.24,54.89,nan,nan,73.84,75.64,76.30,65.62,80.18,nan,nan,nan,nan,nan,nan,nan,nan,nan,nan,nan,nan,nan,nan
APEH / Petite Ecole d'Hydra,Algérie,Alger,EE,89.10,nan,nan,nan,nan,nan,83.60,nan,nan,nan,nan,nan,CM2,nan,nan,nan,nan,66.90,nan,nan,nan,nan,nan,nan,nan,nan,nan,88.27,71.63,nan,nan,80.05,81.55,78.00,82.00,85.70,nan,nan,nan,nan,nan,nan,nan,nan,nan,nan,nan,nan,nan,nan
Lycée français de Bahreïn,Bahreïn,Muharraq,EPR,nan,nan,nan,nan,nan,nan,nan,nan,nan,nan,nan,nan,6e,nan,nan,nan,nan,nan,nan,nan,nan,nan,nan,nan,nan,nan,nan,nan,nan,nan,nan,nan,nan,nan,nan,nan,59.00,63.00,48.00,50.00,56.00,50.00,61.00,64.50,63.50,49.50,nan,nan,nan,nan
Lycée français d'Alexandrie,Egypte,Alexandrie,EPR,nan,nan,nan,nan,nan,nan,nan,nan,nan,nan,nan,nan,6e,nan,nan,nan,nan,nan,nan,nan,nan,nan,nan,nan,nan,nan,nan,nan,nan,nan,nan,nan,nan,nan,nan,nan,43.00,55.00,61.00,51.00,50.00,44.00,58.00,59.00,66.00,47.00,nan,nan,nan,nan
Lycée français Pierre Deschamps,Espagne,Alicante,EPR,nan,nan,nan,nan,nan,nan,nan,nan,nan,nan,nan,nan,6e,nan,nan,nan,nan,nan,nan,nan,nan,nan,nan,nan,nan,nan,nan,nan,nan,nan,nan,nan,nan,nan,nan,nan,58.00,63.00,76.00,48.00,53.00,36.00,61.00,58.00,68.00,48.00,nan,nan,nan,nan
Lycée français René Verneau,Espagne,Las Palmas,EPR,nan,nan,nan,nan,nan,nan,nan,nan,nan,nan,nan,nan,6e,nan,nan,nan,nan,nan,nan,nan,nan,nan,nan,nan,nan,nan,nan,nan,nan,nan,nan,nan,nan,nan,nan,nan,79.00,50.00,67.00,68.00,31.00,31.00,59.00,49.00,67.00,44.00,nan,nan,nan,nan
Lycée français de Palma De Majorque,Espagne,Palma de Majorque,EPR,nan,nan,nan,nan,nan,nan,nan,nan,nan,nan,nan,nan,6e,nan,nan,nan,nan,nan,nan,nan,nan,nan,nan,nan,nan,nan,nan,nan,nan,nan,nan,nan,nan,nan,nan,nan,nan,nan,nan,nan,nan,56.00,59.50,49.50,66.50,47.50,nan,nan,nan,nan
Collège français international Marguerite Yourcenar,Espagne,Reus,EPR,nan,nan,nan,nan,nan,nan,nan,nan,nan,nan,nan,nan,6e,nan,nan,nan,nan,nan,nan,nan,nan,nan,nan,nan,nan,nan,nan,nan,nan,nan,nan,nan,nan,nan,nan,nan,47.00,57.00,66.00,42.00,44.00,29.00,46.00,51.00,51.00,39.00,nan,nan,nan,nan
Lycée Français International Jules-Verne ,Espagne,Santa Cruz de Tenerife,EPR,nan,nan,nan,nan,nan,nan,nan,nan,nan,nan,nan,nan,6e,nan,nan,nan,nan,nan,nan,nan,nan,nan,nan,nan,nan,nan,nan,nan,nan,nan,nan,nan,nan,nan,nan,nan,nan,nan,nan,nan,nan,43.00,54.00,57.00,54.00,44.00,nan,nan,nan,nan
Lycée Molière - Villanueva de la Cañada,Espagne,Villanueva de la Cañada,EPR,nan,nan,nan,nan,nan,nan,nan,nan,nan,nan,nan,nan,6e,nan,nan,nan,nan,nan,nan,nan,nan,nan,nan,nan,nan,nan,nan,nan,nan,nan,nan,nan,nan,nan,nan,nan,nan,nan,nan,nan,nan,51.00,61.00,53.00,64.00,44.00,nan,nan,nan,nan
Lycée français d'Agadir,Maroc,Agadir,EPR,nan,nan,nan,nan,nan,nan,nan,nan,nan,nan,nan,nan,6e,nan,nan,nan,nan,nan,nan,nan,nan,nan,nan,nan,nan,nan,nan,nan,nan,nan,nan,nan,nan,nan,nan,nan,58.00,65.00,77.00,50.00,54.00,51.00,55.00,52.00,57.00,52.00,nan,nan,nan,nan
Groupe scolaire OSUI Louis Massignon,Maroc,Bouskoura,EPR,nan,nan,nan,nan,nan,nan,nan,nan,nan,nan,nan,nan,6e,nan,nan,nan,nan,nan,nan,nan,nan,nan,nan,nan,nan,nan,nan,nan,nan,nan,nan,nan,nan,nan,nan,nan,64.00,67.00,82.00,56.00,59.00,66.00,67.00,60.00,70.00,59.00,nan,nan,nan,nan
Lycée français international Alphonse Daudet,Maroc,Casablanca,EPR,nan,nan,nan,nan,nan,nan,nan,nan,nan,nan,nan,nan,6e,nan,nan,nan,nan,nan,nan,nan,nan,nan,nan,nan,nan,nan,nan,nan,nan,nan,nan,nan,nan,nan,nan,nan,54.00,56.00,74.00,51.00,49.00,58.00,62.00,59.00,64.00,55.00,nan,nan,nan,nan
Ecole OSUI Odette du Puigaudeau,Maroc,Dakhla,EPR,nan,nan,nan,nan,nan,nan,nan,nan,nan,nan,nan,nan,6e,nan,nan,nan,nan,nan,nan,nan,nan,nan,nan,nan,nan,nan,nan,nan,nan,nan,nan,nan,nan,nan,nan,nan,60.00,60.00,48.00,50.00,49.00,35.00,51.00,52.00,54.00,42.00,nan,nan,nan,nan
Lycée OSUI Jean Charcot,Maroc,El Jadida,EPR,nan,nan,nan,nan,nan,nan,nan,nan,nan,nan,nan,nan,6e,nan,nan,nan,nan,nan,nan,nan,nan,nan,nan,nan,nan,nan,nan,nan,nan,nan,nan,nan,nan,nan,nan,nan,64.00,68.00,49.00,45.00,57.00,50.00,67.00,60.00,72.00,46.00,nan,nan,nan,nan
Ecole OSUI Paul Pascon,Maroc,Laayoune,EPR,nan,nan,nan,nan,nan,nan,nan,nan,nan,nan,nan,nan,6e,nan,nan,nan,nan,nan,nan,nan,nan,nan,nan,nan,nan,nan,nan,nan,nan,nan,nan,nan,nan,nan,nan,nan,nan,nan,nan,nan,nan,75.00,61.00,57.00,68.00,57.00,nan,nan,nan,nan
Lycée OSUI André Malraux,Maroc,Rabat,EPR,nan,nan,nan,nan,nan,nan,nan,nan,nan,nan,nan,nan,6e,nan,nan,nan,nan,nan,nan,nan,nan,nan,nan,nan,nan,nan,nan,nan,nan,nan,nan,nan,nan,nan,nan,nan,61.00,65.00,79.00,54.00,57.00,56.00,63.00,57.00,66.00,52.00,nan,nan,nan,nan
Groupe scolaire OSUI Jacques Majorelle,Maroc,Marrakech,EPR,nan,nan,nan,nan,nan,nan,nan,nan,nan,nan,nan,nan,6e,nan,nan,nan,nan,nan,nan,nan,nan,nan,nan,nan,nan,nan,nan,nan,nan,nan,nan,nan,nan,nan,nan,nan,60.00,60.00,78.00,51.00,51.00,57.00,63.00,52.00,55.00,62.00,nan,nan,nan,nan
Groupe scolaire OSUI Le Détroit,Maroc,Tanger,EPR,nan,nan,nan,nan,nan,nan,nan,nan,nan,nan,nan,nan,6e,nan,nan,nan,nan,nan,nan,nan,nan,nan,nan,nan,nan,nan,nan,nan,nan,nan,nan,nan,nan,nan,nan,nan,60.00,65.00,45.00,47.00,53.00,47.00,56.00,46.00,59.00,49.00,nan,nan,nan,nan
Comilog / Lycée Henri-Sylvoz,Gabon,Moanda,EE,nan,nan,nan,nan,nan,nan,nan,nan,nan,nan,nan,nan,6e,nan,nan,nan,nan,nan,nan,nan,nan,nan,nan,nan,nan,nan,nan,nan,nan,nan,nan,nan,nan,nan,nan,nan,45.00,42.00,53.00,40.00,41.00,28.00,41.00,39.00,43.00,40.00,nan,nan,nan,nan
Lycée français d'Al-Khobar,Arabie saoudite,Al-Khobar,EPA,nan,nan,nan,nan,nan,nan,nan,nan,nan,nan,nan,nan,6e,nan,nan,nan,nan,nan,nan,nan,nan,nan,nan,nan,nan,nan,nan,nan,nan,nan,nan,nan,nan,nan,nan,nan,66.00,61.00,67.00,53.00,54.00,67.00,64.00,70.00,70.00,59.00,nan,nan,nan,nan
École française internationale de Djeddah,Arabie saoudite,Djeddah,EPA,nan,nan,nan,nan,nan,nan,nan,nan,nan,nan,nan,nan,6e,nan,nan,nan,nan,nan,nan,nan,nan,nan,nan,nan,nan,nan,nan,nan,nan,nan,nan,nan,nan,nan,nan,nan,nan,nan,nan,nan,nan,59.33,59.00,58.00,59.67,54.67,nan,nan,nan,nan
Lycée international Xavier,Corée du Sud,Séoul,EPA,nan,nan,nan,nan,nan,nan,nan,nan,nan,nan,nan,nan,6e,nan,nan,nan,nan,nan,nan,nan,nan,nan,nan,nan,nan,nan,nan,nan,nan,nan,nan,nan,nan,nan,nan,nan,63.00,68.00,55.00,56.00,56.00,41.00,66.00,75.00,82.00,56.00,nan,nan,nan,nan
Lycée français Théodore Monod,Emirats arabes unis,Abu Dhabi,EPA,nan,nan,nan,nan,nan,nan,nan,nan,nan,nan,nan,nan,6e,nan,nan,nan,nan,nan,nan,nan,nan,nan,nan,nan,nan,nan,nan,nan,nan,nan,nan,nan,nan,nan,nan,nan,71.00,66.00,53.00,57.00,61.00,31.33,57.33,51.00,62.67,43.00,nan,nan,nan,nan
École bilingue de Berkeley,Etats-Unis,Berkeley,EPA,nan,nan,nan,nan,nan,nan,nan,nan,nan,nan,nan,nan,6e,nan,nan,nan,nan,nan,nan,nan,nan,nan,nan,nan,nan,nan,nan,nan,nan,nan,nan,nan,nan,nan,nan,nan,61.00,60.00,81.00,42.00,39.00,40.00,62.00,48.00,64.00,51.00,nan,nan,nan,nan
Lycée international de Boston,Etats-Unis,Boston,EPA,nan,nan,nan,nan,nan,nan,nan,nan,nan,nan,nan,nan,6e,nan,nan,nan,nan,nan,nan,nan,nan,nan,nan,nan,nan,nan,nan,nan,nan,nan,nan,nan,nan,nan,nan,nan,65.00,63.00,46.00,48.00,57.00,71.00,72.00,60.00,73.00,65.00,nan,nan,nan,nan
Lycée Montaigne,Liban,Beit Chabab,EPA,nan,nan,nan,nan,nan,nan,nan,nan,nan,nan,nan,nan,6e,nan,nan,nan,nan,nan,nan,nan,nan,nan,nan,nan,nan,nan,nan,nan,nan,nan,nan,nan,nan,nan,nan,nan,62.50,68.50,56.75,63.25,60.00,nan,nan,nan,nan,nan,nan,nan,nan,nan
Lycée français de Bahreïn,Bahreïn,Muharraq,EPR,nan,nan,nan,nan,nan,nan,nan,nan,nan,nan,nan,nan,4e,nan,nan,nan,nan,nan,nan,nan,nan,nan,nan,nan,nan,nan,nan,nan,nan,nan,nan,nan,nan,nan,nan,nan,65.00,72.00,75.00,39.00,44.00,55.00,54.00,61.00,55.00,55.00,53.00,nan,nan,nan
Lycée français d'Alexandrie,Egypte,Alexandrie,EPR,nan,nan,nan,nan,nan,nan,nan,nan,nan,nan,nan,nan,4e,nan,nan,nan,nan,nan,nan,nan,nan,nan,nan,nan,nan,nan,nan,nan,nan,nan,nan,nan,nan,nan,nan,nan,54.00,59.00,80.00,35.00,39.00,58.00,44.00,54.00,61.00,57.00,50.00,nan,nan,nan
Lycée français Pierre Deschamps,Espagne,Alicante,EPR,nan,nan,nan,nan,nan,nan,nan,nan,nan,nan,nan,nan,4e,nan,nan,nan,nan,nan,nan,nan,nan,nan,nan,nan,nan,nan,nan,nan,nan,nan,nan,nan,nan,nan,nan,nan,55.00,72.00,78.00,32.00,38.00,56.00,47.00,42.00,43.00,57.00,47.00,nan,nan,nan
Lycée français René Verneau,Espagne,Las Palmas,EPR,nan,nan,nan,nan,nan,nan,nan,nan,nan,nan,nan,nan,4e,nan,nan,nan,nan,nan,nan,nan,nan,nan,nan,nan,nan,nan,nan,nan,nan,nan,nan,nan,nan,nan,nan,nan,68.00,83.00,76.00,47.00,43.00,66.00,56.00,63.00,52.00,66.00,60.00,nan,nan,nan
Lycée français de Palma De Majorque,Espagne,Palma de Majorque,EPR,nan,nan,nan,nan,nan,nan,nan,nan,nan,nan,nan,nan,4e,nan,nan,nan,nan,nan,nan,nan,nan,nan,nan,nan,nan,nan,nan,nan,nan,nan,nan,nan,nan,nan,nan,nan,65.00,73.00,66.00,34.00,37.00,55.00,47.00,51.00,43.00,51.00,40.00,nan,nan,nan
Collège français international Marguerite Yourcenar,Espagne,Reus,EPR,nan,nan,nan,nan,nan,nan,nan,nan,nan,nan,nan,nan,4e,nan,nan,nan,nan,nan,nan,nan,nan,nan,nan,nan,nan,nan,nan,nan,nan,nan,nan,nan,nan,nan,nan,nan,nan,nan,nan,nan,nan,62.00,50.00,42.00,46.00,57.00,51.00,nan,nan,nan
Lycée Français International Jules-Verne ,Espagne,Santa Cruz de Tenerife,EPR,nan,nan,nan,nan,nan,nan,nan,nan,nan,nan,nan,nan,4e,nan,nan,nan,nan,nan,nan,nan,nan,nan,nan,nan,nan,nan,nan,nan,nan,nan,nan,nan,nan,nan,nan,nan,nan,nan,nan,nan,nan,58.00,48.00,52.00,56.00,57.00,43.00,nan,nan,nan
Lycée Molière - Villanueva de la Cañada,Espagne,Villanueva de la Cañada,EPR,nan,nan,nan,nan,nan,nan,nan,nan,nan,nan,nan,nan,4e,nan,nan,nan,nan,nan,nan,nan,nan,nan,nan,nan,nan,nan,nan,nan,nan,nan,nan,nan,nan,nan,nan,nan,nan,nan,nan,nan,nan,62.00,50.00,57.00,52.00,61.00,51.00,nan,nan,nan
Lycée français d'Agadir,Maroc,Agadir,EPR,nan,nan,nan,nan,nan,nan,nan,nan,nan,nan,nan,nan,4e,nan,nan,nan,nan,nan,nan,nan,nan,nan,nan,nan,nan,nan,nan,nan,nan,nan,nan,nan,nan,nan,nan,nan,65.00,77.00,81.00,33.00,41.00,58.00,48.00,50.00,52.00,58.00,47.00,nan,nan,nan
Groupe scolaire OSUI Louis Massignon,Maroc,Bouskoura,EPR,nan,nan,nan,nan,nan,nan,nan,nan,nan,nan,nan,nan,4e,nan,nan,nan,nan,nan,nan,nan,nan,nan,nan,nan,nan,nan,nan,nan,nan,nan,nan,nan,nan,nan,nan,nan,70.00,86.00,87.00,42.00,44.00,70.00,57.00,62.00,64.00,70.00,57.00,nan,nan,nan
Lycée français international Alphonse Daudet,Maroc,Casablanca,EPR,nan,nan,nan,nan,nan,nan,nan,nan,nan,nan,nan,nan,4e,nan,nan,nan,nan,nan,nan,nan,nan,nan,nan,nan,nan,nan,nan,nan,nan,nan,nan,nan,nan,nan,nan,nan,63.00,80.00,82.00,34.00,39.00,59.00,45.00,50.00,47.00,58.00,44.00,nan,nan,nan
Ecole OSUI Odette du Puigaudeau,Maroc,Dakhla,EPR,nan,nan,nan,nan,nan,nan,nan,nan,nan,nan,nan,nan,4e,nan,nan,nan,nan,nan,nan,nan,nan,nan,nan,nan,nan,nan,nan,nan,nan,nan,nan,nan,nan,nan,nan,nan,64.00,76.00,71.00,36.00,49.00,56.00,38.00,48.00,52.00,52.00,36.00,nan,nan,nan
Lycée OSUI Jean Charcot,Maroc,El Jadida,EPR,nan,nan,nan,nan,nan,nan,nan,nan,nan,nan,nan,nan,4e,nan,nan,nan,nan,nan,nan,nan,nan,nan,nan,nan,nan,nan,nan,nan,nan,nan,nan,nan,nan,nan,nan,nan,61.00,80.00,70.00,36.00,39.00,70.00,61.00,36.00,39.00,82.00,nan,nan,nan,nan
Ecole OSUI Paul Pascon,Maroc,Laayoune,EPR,nan,nan,nan,nan,nan,nan,nan,nan,nan,nan,nan,nan,4e,nan,nan,nan,nan,nan,nan,nan,nan,nan,nan,nan,nan,nan,nan,nan,nan,nan,nan,nan,nan,nan,nan,nan,nan,nan,nan,nan,nan,60.00,43.00,37.00,57.00,61.00,41.00,nan,nan,nan
Lycée OSUI André Malraux,Maroc,Rabat,EPR,nan,nan,nan,nan,nan,nan,nan,nan,nan,nan,nan,nan,4e,nan,nan,nan,nan,nan,nan,nan,nan,nan,nan,nan,nan,nan,nan,nan,nan,nan,nan,nan,nan,nan,nan,nan,60.00,83.00,81.00,50.00,47.00,63.00,53.00,50.00,54.00,62.00,54.00,nan,nan,nan
Groupe scolaire OSUI Jacques Majorelle,Maroc,Marrakech,EPR,nan,nan,nan,nan,nan,nan,nan,nan,nan,nan,nan,nan,4e,nan,nan,nan,nan,nan,nan,nan,nan,nan,nan,nan,nan,nan,nan,nan,nan,nan,nan,nan,nan,nan,nan,nan,67.00,85.00,84.00,44.00,43.00,65.00,50.00,59.00,59.00,63.00,49.00,nan,nan,nan
Groupe scolaire OSUI Le Détroit,Maroc,Tanger,EPR,nan,nan,nan,nan,nan,nan,nan,nan,nan,nan,nan,nan,4e,nan,nan,nan,nan,nan,nan,nan,nan,nan,nan,nan,nan,nan,nan,nan,nan,nan,nan,nan,nan,nan,nan,nan,64.00,78.00,76.00,37.00,39.00,62.00,51.00,53.00,58.00,63.00,43.00,nan,nan,nan
Comilog / Lycée Henri-Sylvoz,Gabon,Moanda,EE,nan,nan,nan,nan,nan,nan,nan,nan,nan,nan,nan,nan,4e,nan,nan,nan,nan,nan,nan,nan,nan,nan,nan,nan,nan,nan,nan,nan,nan,nan,nan,nan,nan,nan,nan,nan,66.00,76.00,82.00,47.00,45.00,67.00,56.00,64.00,61.00,70.00,50.00,nan,nan,nan
Lycée français d'Al-Khobar,Arabie saoudite,Al-Khobar,EPA,nan,nan,nan,nan,nan,nan,nan,nan,nan,nan,nan,nan,4e,nan,nan,nan,nan,nan,nan,nan,nan,nan,nan,nan,nan,nan,nan,nan,nan,nan,nan,nan,nan,nan,nan,nan,nan,nan,nan,nan,nan,66.00,49.00,53.00,62.00,63.00,44.00,nan,nan,nan
École française internationale de Djeddah,Arabie saoudite,Djeddah,EPA,nan,nan,nan,nan,nan,nan,nan,nan,nan,nan,nan,nan,4e,nan,nan,nan,nan,nan,nan,nan,nan,nan,nan,nan,nan,nan,nan,nan,nan,nan,nan,nan,nan,nan,nan,nan,nan,nan,nan,nan,nan,69.00,62.00,64.00,59.00,71.00,58.00,nan,nan,nan
Lycée international Xavier,Corée du Sud,Séoul,EPA,nan,nan,nan,nan,nan,nan,nan,nan,nan,nan,nan,nan,4e,nan,nan,nan,nan,nan,nan,nan,nan,nan,nan,nan,nan,nan,nan,nan,nan,nan,nan,nan,nan,nan,nan,nan,69.00,77.00,84.00,36.00,44.00,80.00,69.00,77.00,77.00,73.00,nan,nan,nan,nan
Lycée français Théodore Monod,Emirats arabes unis,Abu Dhabi,EPA,nan,nan,nan,nan,nan,nan,nan,nan,nan,nan,nan,nan,4e,nan,nan,nan,nan,nan,nan,nan,nan,nan,nan,nan,nan,nan,nan,nan,nan,nan,nan,nan,nan,nan,nan,nan,67.00,79.00,80.00,38.00,43.00,78.00,70.00,70.00,72.00,81.00,66.00,nan,nan,nan
École bilingue de Berkeley,Etats-Unis,Berkeley,EPA,nan,nan,nan,nan,nan,nan,nan,nan,nan,nan,nan,nan,4e,nan,nan,nan,nan,nan,nan,nan,nan,nan,nan,nan,nan,nan,nan,nan,nan,nan,nan,nan,nan,nan,nan,nan,61.00,75.00,74.00,44.00,48.00,65.00,55.00,54.00,64.00,64.00,55.00,nan,nan,nan
Lycée international de Boston,Etats-Unis,Boston,EPA,nan,nan,nan,nan,nan,nan,nan,nan,nan,nan,nan,nan,4e,nan,nan,nan,nan,nan,nan,nan,nan,nan,nan,nan,nan,nan,nan,nan,nan,nan,nan,nan,nan,nan,nan,nan,65.00,63.00,46.00,48.00,57.00,71.00,72.00,60.00,73.00,65.00,nan,nan,nan,nan
Lycée Montaigne,Liban,Beit Chabab,EPA,nan,nan,nan,nan,nan,nan,nan,nan,nan,nan,nan,nan,4e,nan,nan,nan,nan,nan,nan,nan,nan,nan,nan,nan,nan,nan,nan,nan,nan,nan,nan,nan,nan,nan,nan,nan,62.50,68.50,56.75,63.25,60.00,nan,nan,nan,nan,nan,nan,nan,nan,nan
Lycée français de Bahreïn,Bahreïn,Muharraq,EPR,nan,nan,nan,nan,nan,nan,nan,nan,nan,nan,nan,nan,2nde,nan,nan,nan,nan,nan,nan,nan,nan,nan,nan,nan,nan,nan,nan,nan,nan,nan,nan,nan,nan,nan,nan,nan,84.00,76.00,33.00,63.00,71.00,69.00,nan,51.00,nan,nan,nan,44.00,64.00,59.00
Lycée français d'Alexandrie,Egypte,Alexandrie,EPR,nan,nan,nan,nan,nan,nan,nan,nan,nan,nan,nan,nan,2nde,nan,nan,nan,nan,nan,nan,nan,nan,nan,nan,nan,nan,nan,nan,nan,nan,nan,nan,nan,nan,nan,nan,nan,58.00,48.00,53.00,63.00,76.00,53.00,nan,43.00,nan,nan,nan,44.00,52.00,59.00
Lycée français Pierre Deschamps,Espagne,Alicante,EPR,nan,nan,nan,nan,nan,nan,nan,nan,nan,nan,nan,nan,2nde,nan,nan,nan,nan,nan,nan,nan,nan,nan,nan,nan,nan,nan,nan,nan,nan,nan,nan,nan,nan,nan,nan,nan,79.00,68.00,31.00,60.00,67.00,41.00,nan,43.00,nan,nan,nan,33.00,45.00,44.00
Lycée français René Verneau,Espagne,Las Palmas,EPR,nan,nan,nan,nan,nan,nan,nan,nan,nan,nan,nan,nan,2nde,nan,nan,nan,nan,nan,nan,nan,nan,nan,nan,nan,nan,nan,nan,nan,nan,nan,nan,nan,nan,nan,nan,nan,nan,nan,nan,nan,nan,56.00,nan,46.00,nan,nan,nan,45.00,56.00,61.00
Lycée français de Palma De Majorque,Espagne,Palma de Majorque,EPR,nan,nan,nan,nan,nan,nan,nan,nan,nan,nan,nan,nan,2nde,nan,nan,nan,nan,nan,nan,nan,nan,nan,nan,nan,nan,nan,nan,nan,nan,nan,nan,nan,nan,nan,nan,nan,55.00,27.00,84.00,58.00,71.00,58.00,nan,47.00,nan,nan,nan,46.00,67.00,56.00
Collège français international Marguerite Yourcenar,Espagne,Reus,EPR,nan,nan,nan,nan,nan,nan,nan,nan,nan,nan,nan,nan,2nde,nan,nan,nan,nan,nan,nan,nan,nan,nan,nan,nan,nan,nan,nan,nan,nan,nan,nan,nan,nan,nan,nan,nan,nan,nan,nan,nan,nan,52.00,nan,40.00,nan,nan,nan,33.00,52.00,51.00
Lycée Français International Jules-Verne ,Espagne,Santa Cruz de Tenerife,EPR,nan,nan,nan,nan,nan,nan,nan,nan,nan,nan,nan,nan,2nde,nan,nan,nan,nan,nan,nan,nan,nan,nan,nan,nan,nan,nan,nan,nan,nan,nan,nan,nan,nan,nan,nan,nan,nan,nan,nan,nan,nan,61.00,nan,46.00,nan,nan,nan,46.00,58.00,57.00
Lycée Molière - Villanueva de la Cañada,Espagne,Villanueva de la Cañada,EPR,nan,nan,nan,nan,nan,nan,nan,nan,nan,nan,nan,nan,2nde,nan,nan,nan,nan,nan,nan,nan,nan,nan,nan,nan,nan,nan,nan,nan,nan,nan,nan,nan,nan,nan,nan,nan,nan,nan,nan,nan,nan,56.00,nan,51.00,nan,nan,nan,44.00,54.00,65.00
Lycée français d'Agadir,Maroc,Agadir,EPR,nan,nan,nan,nan,nan,nan,nan,nan,nan,nan,nan,nan,2nde,nan,nan,nan,nan,nan,nan,nan,nan,nan,nan,nan,nan,nan,nan,nan,nan,nan,nan,nan,nan,nan,nan,nan,58.00,20.00,72.00,56.00,59.00,53.00,nan,41.00,nan,nan,nan,47.00,50.00,54.00
Groupe scolaire OSUI Louis Massignon,Maroc,Bouskoura,EPR,nan,nan,nan,nan,nan,nan,nan,nan,nan,nan,nan,nan,2nde,nan,nan,nan,nan,nan,nan,nan,nan,nan,nan,nan,nan,nan,nan,nan,nan,nan,nan,nan,nan,nan,nan,nan,64.00,33.00,86.00,72.00,78.00,69.00,nan,49.00,nan,nan,nan,53.00,65.00,69.00
Lycée français international Alphonse Daudet,Maroc,Casablanca,EPR,nan,nan,nan,nan,nan,nan,nan,nan,nan,nan,nan,nan,2nde,nan,nan,nan,nan,nan,nan,nan,nan,nan,nan,nan,nan,nan,nan,nan,nan,nan,nan,nan,nan,nan,nan,nan,59.00,26.00,76.00,63.00,69.00,57.00,nan,45.00,nan,nan,nan,52.00,53.00,69.00
Ecole OSUI Odette du Puigaudeau,Maroc,Dakhla,EPR,nan,nan,nan,nan,nan,nan,nan,nan,nan,nan,nan,nan,2nde,nan,nan,nan,nan,nan,nan,nan,nan,nan,nan,nan,nan,nan,nan,nan,nan,nan,nan,nan,nan,nan,nan,nan,82.00,70.00,26.00,59.00,68.00,68.00,nan,53.00,nan,nan,nan,50.00,66.00,71.00
Lycée OSUI Jean Charcot,Maroc,El Jadida,EPR,nan,nan,nan,nan,nan,nan,nan,nan,nan,nan,nan,nan,2nde,nan,nan,nan,nan,nan,nan,nan,nan,nan,nan,nan,nan,nan,nan,nan,nan,nan,nan,nan,nan,nan,nan,nan,83.00,60.00,23.00,57.00,58.00,58.00,nan,39.00,nan,nan,nan,32.00,53.00,52.00
Ecole OSUI Paul Pascon,Maroc,Laayoune,EPR,nan,nan,nan,nan,nan,nan,nan,nan,nan,nan,nan,nan,2nde,nan,nan,nan,nan,nan,nan,nan,nan,nan,nan,nan,nan,nan,nan,nan,nan,nan,nan,nan,nan,nan,nan,nan,74.00,68.00,32.00,58.00,57.00,69.00,nan,39.00,nan,nan,nan,51.00,59.00,59.00
Lycée OSUI André Malraux,Maroc,Rabat,EPR,nan,nan,nan,nan,nan,nan,nan,nan,nan,nan,nan,nan,2nde,nan,nan,nan,nan,nan,nan,nan,nan,nan,nan,nan,nan,nan,nan,nan,nan,nan,nan,nan,nan,nan,nan,nan,62.00,28.00,82.00,69.00,72.00,63.00,nan,47.00,nan,nan,nan,48.00,58.00,66.00
Groupe scolaire OSUI Jacques Majorelle,Maroc,Marrakech,EPR,nan,nan,nan,nan,nan,nan,nan,nan,nan,nan,nan,nan,2nde,nan,nan,nan,nan,nan,nan,nan,nan,nan,nan,nan,nan,nan,nan,nan,nan,nan,nan,nan,nan,nan,nan,nan,72.00,60.00,26.00,59.00,58.00,54.00,nan,41.00,nan,nan,nan,38.00,51.00,52.00
Groupe scolaire OSUI Le Détroit,Maroc,Tanger,EPR,nan,nan,nan,nan,nan,nan,nan,nan,nan,nan,nan,nan,2nde,nan,nan,nan,nan,nan,nan,nan,nan,nan,nan,nan,nan,nan,nan,nan,nan,nan,nan,nan,nan,nan,nan,nan,53.00,23.00,78.00,52.00,66.00,35.00,nan,29.00,nan,nan,nan,32.00,37.00,52.00
Comilog / Lycée Henri-Sylvoz,Gabon,Moanda,EE,nan,nan,nan,nan,nan,nan,nan,nan,nan,nan,nan,nan,2nde,nan,nan,nan,nan,nan,nan,nan,nan,nan,nan,nan,nan,nan,nan,nan,nan,nan,nan,nan,nan,nan,nan,nan,57.00,24.00,79.00,62.00,70.00,59.00,nan,49.00,nan,nan,nan,49.00,58.00,57.00
Lycée français d'Al-Khobar,Arabie saoudite,Al-Khobar,EPA,nan,nan,nan,nan,nan,nan,nan,nan,nan,nan,nan,nan,2nde,nan,nan,nan,nan,nan,nan,nan,nan,nan,nan,nan,nan,nan,nan,nan,nan,nan,nan,nan,nan,nan,nan,nan,78.00,73.00,22.00,65.00,75.00,71.00,nan,60.00,nan,nan,nan,64.00,68.00,70.00
École française internationale de Djeddah,Arabie saoudite,Djeddah,EPA,nan,nan,nan,nan,nan,nan,nan,nan,nan,nan,nan,nan,2nde,nan,nan,nan,nan,nan,nan,nan,nan,nan,nan,nan,nan,nan,nan,nan,nan,nan,nan,nan,nan,nan,nan,nan,81.00,72.00,27.00,61.00,65.00,60.00,nan,51.00,nan,nan,nan,57.00,58.00,67.00
Lycée international Xavier,Corée du Sud,Séoul,EPA,nan,nan,nan,nan,nan,nan,nan,nan,nan,nan,nan,nan,2nde,nan,nan,nan,nan,nan,nan,nan,nan,nan,nan,nan,nan,nan,nan,nan,nan,nan,nan,nan,nan,nan,nan,nan,91.00,79.00,31.00,66.00,73.00,77.00,nan,64.00,nan,nan,nan,66.00,75.00,82.00
Lycée français Théodore Monod,Emirats arabes unis,Abu Dhabi,EPA,nan,nan,nan,nan,nan,nan,nan,nan,nan,nan,nan,nan,2nde,nan,nan,nan,nan,nan,nan,nan,nan,nan,nan,nan,nan,nan,nan,nan,nan,nan,nan,nan,nan,nan,nan,nan,75.00,68.00,26.00,58.00,67.00,55.00,nan,39.00,nan,nan,nan,54.00,52.00,68.00
École bilingue de Berkeley,Etats-Unis,Berkeley,EPA,nan,nan,nan,nan,nan,nan,nan,nan,nan,nan,nan,nan,2nde,nan,nan,nan,nan,nan,nan,nan,nan,nan,nan,nan,nan,nan,nan,nan,nan,nan,nan,nan,nan,nan,nan,nan,61.00,75.00,74.00,44.00,48.00,65.00,nan,54.00,nan,nan,nan,64.00,64.00,nan
Lycée international de Boston,Etats-Unis,Boston,EPA,nan,nan,nan,nan,nan,nan,nan,nan,nan,nan,nan,nan,2nde,nan,nan,nan,nan,nan,nan,nan,nan,nan,nan,nan,nan,nan,nan,nan,nan,nan,nan,nan,nan,nan,nan,nan,65.00,63.00,46.00,48.00,57.00,71.00,nan,60.00,nan,nan,nan,73.00,65.00,nan
Lycée Montaigne,Liban,Beit Chabab,EPA,nan,nan,nan,nan,nan,nan,nan,nan,nan,nan,nan,nan,2nde,nan,nan,nan,nan,nan,nan,nan,nan,nan,nan,nan,nan,nan,nan,nan,nan,nan,nan,nan,nan,nan,nan,nan,62.50,68.50,56.75,63.25,60.00,nan,nan,nan,nan,nan,nan,nan,nan,nan
